name,branchtype,number,address,lat,lng,suite,city,state,zip,country,region,poboxaddress,poboxcity,poboxstate,poboxzip,phone,fax,email,driveupbank,walkupatm,driveupatm,atmacceptsdeposits,nightdeposits,safedepoistbox,commericallending,privatebanking,cbfinancialservices,trustservices,professionalbanking,inlbanking,residentiallending,cashmgt,time_zone,lhmonday,lhtuesday,lhwednesday,lhthursday,lhfriday,lhsaturday,lhsunday,dhmonday,dhtuesday,dhwednesday,dhthursday,dhfriday,dhsaturday,dhsunday,open_weekends,exteriorphoto,limitedservicesavailable,branch_url,branch_special_hours
Canby Branch,Branch & ATM,1066,1455 SE First Ave,45.26852636,-122.6767909,,Canby,OR,97013,US,Willamette,,,,,(503) 651-3157,(503) 651-3158,,x,x,x,,x,x,,,,,,,,,Pacific Daylight Time,9:00 – 5:00,9:00 – 5:00,9:00 – 5:00,9:00 – 5:00,9:00 – 6:00,Closed,Closed,9:00 – 5:30,9:00 – 5:30,9:00 – 5:30,9:00 – 5:30,9:00 – 6:00,,,,,,https://www.columbiabank.com/locations/canby,
Lacey Branch,Branch & ATM,1040,665 Woodland Square Lp SE,47.04028,-122.8240384,,Lacey,WA,98503,US,Puget,,,,,(360) 456-2400,(360) 456-2534,,x,x,x,,x,x,,,,,,,,,Pacific Daylight Time,9:00 – 5:30,9:00 – 5:30,9:00 – 5:30,9:00 – 5:30,9:00 – 6:00,9:00 - 1:00,Closed,9:00 – 5:30,9:00 – 5:30,9:00 – 5:30,9:00 – 5:30,9:00 – 6:00,9:00 – 1:00,,X,,,https://www.columbiabank.com/locations/lacey,
Newberg Branch,Branch & ATM,1067,3500 Portland Rd,45.30794,-122.94207,,Newberg,OR,97132,US,Willamette,,,,,5035383184,(503) 538-0370,,x,x,x,,x,x,,,,,,,,,Pacific Daylight Time,9:00 – 5:00,9:00 – 5:00,9:00 – 5:00,9:00 – 5:00,9:00 – 6:00,Closed,Closed,9:00 – 5:00,9:00 – 5:00,9:00 – 5:00,9:00 – 5:00,9:00 – 6:00,,,,,,https://www.columbiabank.com/locations/newberg,
Portland Downtown Branch,Branch & ATM,1064,1000 SW Broadway,45.51734,-122.68067,Suite 100,Portland,OR,97205,US,Willamette,,,,,(503) 224-4245,(503) 224-4226,,,x,,,x,x,,,,,,,,x,Pacific Daylight Time,9:00 – 5:00,9:00 – 5:00,9:00 – 5:00,9:00 – 5:00,9:00 – 5:00,Closed,Closed,,,,,,,,,,,https://www.columbiabank.com/locations/portland-downtown,
Salem East Branch,Branch & ATM,SEB-510LDNSO,510 Lancaster Drive NE,44.93651,-122.98308,,Salem,OR,97301,US,Willamette,,,,,(503) 399-2944,(503) 363-5138,,x,x,x,,x,x,,,,,,,,,Pacific Daylight Time,10:00 – 5:00,10:00 – 5:00,10:00 – 5:00,10:00 – 5:00,10:00 – 6:00,Closed,Closed,8:30 – 5:30,8:30 – 5:30,8:30 – 5:30,8:30 – 5:30,8:30 – 6:00,,,,,,https://www.columbiabank.com/locations/salem-east,
Coeur d'Alene Branch,Branch & ATM,CABFP-200WNACDI,200 W Neider Avenue,47.70722195,-116.7882449,,Coeur d'Alene,ID,83815,US,Columbia,,,,,(208) 667-4763,(208) 666-6160,,X,x,X,,X,X,,,,,,,,,Pacific Daylight Time,9:00 – 5:00,9:00 – 5:00,9:00 – 5:00,9:00 – 5:00,9:00 – 5:00,Closed,Closed,8:30 – 5:30,8:30 – 5:30,8:30 – 5:30,8:30 – 5:30,8:30 – 6:00,9:00 – 1:00,,X,,,https://www.columbiabank.com/locations/coeur-d'alene,
Bonners Ferry Branch,Branch & ATM,BFBFP-6750MSBFI,6750 Main Street,48.68496,-116.31987,,Bonners Ferry,ID,83805,US,Columbia,PO Box 1479,,,,(208) 267-7027,(877) 323-7066,,X,x,X,,X,X,,,,,,,,,Pacific Daylight Time,9:00 – 5:00,9:00 – 5:00,9:00 – 5:00,9:00 – 5:00,9:00 – 5:00,Closed,Closed,8:30 – 5:30,8:30 – 5:30,8:30 – 5:30,8:30 – 5:30,8:30 – 6:00,,,,,,https://www.columbiabank.com/locations/bonners-ferry,
Rathdrum Branch,Branch & ATM,RBFPS-6878WH53RI,6878 W Highway 53,47.81722325,-116.8763689,,Rathdrum,ID,83858,US,Columbia,PO Box 1367,,,,(208) 687-5585,(208) 687-4515,,X,x,X,,X,X,,,,,,,,,Pacific Daylight Time,9:00 – 5:00,9:00 – 5:00,9:00 – 5:00,9:00 – 5:00,9:00 – 5:00,Closed,Closed,8:30 – 5:30,8:30 – 5:30,8:30 – 5:30,8:30 – 5:30,8:30 – 6:00,,,,,,https://www.columbiabank.com/locations/rathdrum,
Silver Valley Branch,Branch & ATM,SVBFP-302WCAKI,302 W Cameron Ave,47.54140776,-116.1239555,,Kellogg,ID,83837,US,Columbia,,,,,(208) 783-2606,(877) 326-5472,,X,x,X,,X,X,,,,,,,,,Pacific Daylight Time,9:00 – 5:00,9:00 – 5:00,9:00 – 5:00,9:00 – 5:00,9:00 – 5:00,Closed,Closed,9:00 – 5:00,9:00 – 5:00,9:00 – 5:00,9:00 – 5:00,9:00 – 5:30,,,,,,https://www.columbiabank.com/locations/silver-valley,
Nampa Branch,Branch & ATM,NBFIC-5211ASNI,521 12th Avenue S,43.57560286,-116.56393,,Nampa,ID,83651,US,Snake,,,,,(208) 466-8661,(208) 466-8657,,X,x,X,,X,X,,,,,,,,x,Mountain Daylight Time,9:00 – 5:00,9:00 – 5:00,9:00 – 5:00,9:00 – 5:00,9:00 – 5:00,Closed,Closed,8:30 – 5:00,8:30 – 5:00,8:30 – 5:00,8:30 – 5:00,8:30 – 6:00,,,,,,https://www.columbiabank.com/locations/nampa,
Ontario Branch,Branch & ATM,OBFIC-98SOSOO,98 S Oregon Street,44.02574,-116.96322,,Ontario,OR,97914,US,Snake,,,,,(541) 889-8606,(541) 889-6198,,X,x,X,,X,X,,,,,,,,,Mountain Daylight Time,9:00 – 5:00,9:00 – 5:00,9:00 – 5:00,9:00 – 5:00,9:00 – 5:00,Closed,Closed,8:30 – 5:00,8:30 – 5:00,8:30 – 5:00,8:30 – 5:00,8:30 – 6:00,,,,,,https://www.columbiabank.com/locations/ontario,
Post Falls Branch,Branch & ATM,PFBFP-3235EMAPFI,3235 E Mullan Avenue,47.71588885,-116.9046021,,Post Falls,ID,83854,US,Columbia,PO Box 2468,,,,(208) 773-9993,(208) 773-4656,,X,x,X,,X,X,,,,,,,,,Pacific Daylight Time,9:00 – 5:00,9:00 – 5:00,9:00 – 5:00,9:00 – 5:00,9:00 – 5:00,Closed,Closed,8:30 – 5:30,8:30 – 5:30,8:30 – 5:30,8:30 – 5:30,8:30 – 6:00,,,,,,https://www.columbiabank.com/locations/post-falls,
Gooding Branch,Branch & ATM,GBFMV-746MSGI,746 Main Street,42.93809122,-114.7128747,,Gooding,ID,83330,US,Snake,,,,,(208) 934-5555,(208) 934-5588,,X,x,,,X,X,,,,,,,,,Mountain Daylight Time,9:00 – 5:00,9:00 – 5:00,9:00 – 5:00,9:00 – 5:00,9:00 – 5:00,Closed,Closed,8:00 – 5:00,8:00 – 5:00,8:00 – 5:00,8:00 – 5:00,8:00 – 5:30,,,,,,https://www.columbiabank.com/locations/gooding,
Caldwell Branch,Branch & ATM,CBFIC-506S1ACI,506 S 10th Avenue,43.6621,-116.6886675,,Caldwell,ID,83605,US,Snake,,,,,(208) 454-2800,(208) 454-2484,,X,x,X,,X,X,,,,,,,,,Mountain Daylight Time,9:00 – 5:00,9:00 – 5:00,9:00 – 5:00,9:00 – 5:00,9:00 – 5:00,Closed,Closed,8:30 – 5:00,8:30 – 5:00,8:30 – 5:00,8:30 – 5:00,8:30 – 6:00,,,,,,https://www.columbiabank.com/locations/caldwell,
Priest River Branch,Branch & ATM,PRBFP-6552H2PRI,6552 Highway 2,48.1806,-116.92107,,Priest River,ID,83856,US,Columbia,PO Box 1847,,,,(208) 448-0604,(877) 324-5588,,X,x,X,,X,X,,,,,,,,,Pacific Daylight Time,9:00 – 5:00,9:00 – 5:00,9:00 – 5:00,9:00 – 5:00,9:00 – 5:00,Closed,Closed,8:30 – 5:30,8:30 – 5:30,8:30 – 5:30,8:30 – 5:30,8:30 – 6:00,,,,,,https://www.columbiabank.com/locations/priest-river,
Sandpoint Branch,Branch & ATM,SBFPS-414CSSI,414 Church Street,48.27405143,-116.5520243,,Sandpoint,ID,83864,US,Columbia,PO Box 967,,,,(208) 263-0505,(208) 265-5295,,X,x,,,X,X,,,,,,,,,Pacific Daylight Time,9:00 – 5:00,9:00 – 5:00,9:00 – 5:00,9:00 – 5:00,9:00 – 5:00,Closed,Closed,8:30 – 5:30,8:30 – 5:30,8:30 – 5:30,8:30 – 5:30,8:30 – 6:00,9:00 – 1:00,,X,,,https://www.columbiabank.com/locations/sandpoint,
Payette Branch,Branch & ATM,PBFIC-175N1SPI,175 N 16th Street,44.07678829,-116.9232782,,Payette,ID,83661,US,Snake,,,,,(208) 642-4773,(208) 642-4884,,X,x,,,X,X,,,,,,,,,Mountain Daylight Time,9:00 – 5:00,9:00 – 5:00,9:00 – 5:00,9:00 – 5:00,9:00 – 5:00,Closed,Closed,9:00 – 5:00,9:00 – 5:00,9:00 – 5:00,9:00 – 5:00,9:00 – 6:00,,,,,,https://www.columbiabank.com/locations/payette,
Ponderay Branch,Branch & ATM,PBFPS-300KCORPI,300 Kootenai Cut-off Rd,48.30907,-116.54616,,Ponderay,ID,83852,US,Columbia,PO Box 339,,,,(208) 263-2348,(208) 263-3138,,X,x,X,,X,X,,,,,,,,,Pacific Daylight Time,9:00 – 5:00,9:00 – 5:00,9:00 – 5:00,9:00 – 5:00,9:00 – 5:00,Closed,Closed,8:30 – 5:30,8:30 – 5:30,8:30 – 5:30,8:30 – 5:30,8:30 – 6:00,,,,,,https://www.columbiabank.com/locations/ponderay,
Weiser Branch,Branch & ATM,WBFIC-440EMSWI,440 E Main Street,44.24566853,-116.9633888,,Weiser,ID,83672,US,Snake,PO Box 551,,,,(208) 549-8608,(208) 549-4939,,X,x,X,,X,X,,,,,,,,,Mountain Daylight Time,9:00 – 5:00,9:00 – 5:00,9:00 – 5:00,9:00 – 5:00,9:00 – 5:00,Closed,Closed,9:00 – 5:00,9:00 – 5:00,9:00 – 5:00,9:00 – 5:00,9:00 – 6:00,,,,,,https://www.columbiabank.com/locations/weiser,
Twin Falls Branch,Branch & ATM,TFBFM-113MAWTFI,113 Main Avenue W,42.55944169,-114.4749899,,Twin Falls,ID,83301,US,Snake,,,,,(208) 736-2400,(208) 733-8833,,X,x,X,,X,X,,,,,,,,,Mountain Daylight Time,9:00 – 5:00,9:00 – 5:00,9:00 – 5:00,9:00 – 5:00,9:00 – 5:00,Closed,Closed,8:00 – 5:30,8:00 – 5:30,8:00 – 5:30,8:00 – 5:30,8:00 – 5:30,,,,,,https://www.columbiabank.com/locations/twin-falls,
Olive Branch,Branch,OLIVE-111W7AEO,111 West 7th Avenue,44.05213,-123.0944287,,Eugene,OR,97401,US,Willamette,,,,,(541) 984-2284,541-344-2843,,x,,x,x,x,x,,,,,,,,,Pacific Daylight Time,10:00 – 5:00,10:00 – 5:00,10:00 – 5:00,10:00 – 5:00,10:00 – 6:00,Closed,Closed,8:30 – 5:00,8:30 – 5:00,8:30 – 5:00,8:30 – 5:00,8:30 – 6:00,Closed,Closed,,,,https://www.columbiabank.com/locations/olive,
High Street Branch,Branch,HSB-1450HSEO,1450 High Street,44.04386388,-123.0882,,Eugene,OR,97401,US,Willamette,,,,,(541) 984-2264,(541) 225-5319,,x,,x,x,x,x,,,,,,,,,Pacific Daylight Time,10:00 – 5:00,10:00 – 5:00,10:00 – 5:00,10:00 – 5:00,10:00 – 6:00,Closed,Closed,8:30 – 5:00,8:30 – 5:00,8:30 – 5:00,8:30 – 5:00,8:30 – 6:00,Closed,Closed,,,,https://www.columbiabank.com/locations/high-street,
Coburg Road Branch,Branch,CRB-255CREO,255 Coburg Road,44.065053,-123.0751817,,Eugene,OR,97401,US,Willamette,,,,,541-984-2246,,,x,,x,x,x,,,,,,,,,,Pacific Daylight Time,10:00 – 5:00,10:00 – 5:00,10:00 – 5:00,10:00 – 5:00,10:00 – 6:00,Closed,Closed,8:30 – 5:00,8:30 – 5:00,8:30 – 5:00,8:30 – 5:00,8:30 – 6:00,Closed,Closed,,,,https://www.columbiabank.com/locations/coburg-road,
West 11th Branch,Branch,W1B-2400W1AEO,2400 West 11th  Avenue,44.04785,-123.12988,,Eugene,OR,97402,US,Willamette,,,,,(541) 984-2304,(541) 349-2437,,x,,x,x,x,,,,,,,,,,Pacific Daylight Time,10:00 – 5:00,10:00 – 5:00,10:00 – 5:00,10:00 – 5:00,10:00 – 6:00,Closed,Closed,8:30 – 5:00,8:30 – 5:00,8:30 – 5:00,8:30 – 5:00,8:30 – 6:00,Closed,Closed,,,,https://www.columbiabank.com/locations/west-11th,
River Road Branch,Branch,RRB-25DAEO,25 Division Avenue,44.09895556,-123.1285113,,Eugene,OR,97404,US,Willamette,,,,,(541) 984-2249,(541) 461-4304,,x,,x,x,x,x,,,,,,,,,Pacific Daylight Time,10:00 – 5:00,10:00 – 5:00,10:00 – 5:00,10:00 – 5:00,10:00 – 6:00,Closed,Closed,8:30 – 5:00,8:30 – 5:00,8:30 – 5:00,8:30 – 5:00,8:30 – 6:00,Closed,Closed,,,,https://www.columbiabank.com/locations/river-road,
Gateway Branch,Branch,GATEW-1011HRS101,1011 Harlow Road,44.070616,-123.042486,,Springfield,OR,97477,US,Willamette,,,,,(541) 434-7911,(541) 988-4199,,x,,x,x,x,x,,,,,,,,,Pacific Daylight Time,10:00 – 5:00,10:00 – 5:00,10:00 – 5:00,10:00 – 5:00,10:00 – 6:00,Closed,Closed,8:30 – 5:00,8:30 – 5:00,8:30 – 5:00,8:30 – 5:00,8:30 – 6:00,Closed,Closed,,,,https://www.columbiabank.com/locations/gateway,
Junction City Branch,Branch,JCB-285W6SJCO,285 West 6th Street,44.2192,-123.2036362,,Junction City,OR,97448,US,Willamette,,,,,541-984-2330,541-636-0292,,x,,,,x,x,,,,,,,,,Pacific Daylight Time,10:00 – 5:00,10:00 – 5:00,10:00 – 5:00,10:00 – 5:00,10:00 – 6:00,Closed,Closed,8:30 – 5:00,8:30 – 5:00,8:30 – 5:00,8:30 – 5:00,8:30 – 6:00,Closed,Closed,,,,https://www.columbiabank.com/locations/junction-city,
Portland Convention Center Branch,Branch,PCCB-717NGAPO,717 NE Grand Avenue,45.52806776,-122.6606684,,Portland,OR,97232,US,Willamette,,,,,(503) 736-2200,(503) 736-6086,,x,,,,x,,,,,,,,,,Pacific Daylight Time,9:00 - 5:00,9:00 - 5:00,9:00 - 5:00,9:00 - 5:00,9:00 - 5:00,Closed,Closed,9:00 - 5:00,9:00 - 5:00,9:00 - 5:00,9:00 - 5:00,9:00 - 6:00,Closed,Closed,,,,https://www.columbiabank.com/locations/portland-convention-center,
Tualatin Branch,Branch,TUALA-7111SNSTO,7111 SW Nyberg Street,45.38270095,-122.748621,,Tualatin,OR,97062,US,Willamette,,,,,503-350-5358,503-691-1279,,x,,,,x,,,,,,,,,,Pacific Daylight Time,9:00 - 5:00,9:00 - 5:00,9:00 - 5:00,9:00 - 5:00,9:00 - 5:00,Closed,Closed,9:00 - 5:00,9:00 - 5:00,9:00 - 5:00,9:00 - 5:00,9:00 - 6:00,Closed,Closed,,,,https://www.columbiabank.com/locations/tualatin,
Beaverton Branch,Branch,BPB-12255S1SBO,12255 SW 1st Street,45.48604959,-122.802711,,Beaverton,OR,97005,US,Willamette,,,,,(503) 350-5344,(503) 208-8071,,x,,,,x,,,,,,,,,,Pacific Daylight Time,9:00 - 5:00,9:00 - 5:00,9:00 - 5:00,9:00 - 5:00,9:00 - 5:00,Closed,Closed,9:00 - 5:00,9:00 - 5:00,9:00 - 5:00,9:00 - 5:00,9:00 - 6:00,Closed,Closed,,,,https://www.columbiabank.com/locations/beaverton-1st,
Seattle Met Park Branch,Branch,OWB-1100OWS102,1100 Olive Way,47.61551,-122.33076,,Seattle,WA,98101,US,Puget,,,,,(206) 973-4389,(206) 676-8881,,,,,,,x,,,,,,,,,Pacific Daylight Time,9:00 - 5:00,9:00 - 5:00,9:00 - 5:00,9:00 - 5:00,9:00 - 5:00,Closed,Closed,,,,,,,,,,,https://www.columbiabank.com/locations/seattle-met-park,
Bellevue 112th Branch,Branch,BNB-11101ANS20,1110 112th Ave NE,47.62015898,-122.190989,,Bellevue,WA,98004,US,Puget,,,,,(425) 732-2150,(425) 691-5002,,,,,,x,,,,,,,,,,Pacific Daylight Time,9:00 - 5:00,9:00 - 5:00,9:00 - 5:00,9:00 - 5:00,9:00 - 5:00,Closed,Closed,,,,,,,,,,,https://www.columbiabank.com/locations/bellevue-112th,
Longview Branch,Branch & ATM,1002,1225 Washington Way,46.14185286,-122.9331086,,Longview,WA,98632,US,Willamette,,,,,(360) 636-9200,(360) 636-9229,longviewbranch@columbiabank.com,x,x,x,,x,x,x,,,,,,,,Pacific Daylight Time,9:00 – 5:00,9:00 – 5:00,9:00 – 5:00,9:00 – 5:00,9:00 – 6:00,Closed,Closed,8:30 – 5:30,8:30 – 5:30,8:30 – 5:30,8:30 – 5:30,8:30 – 6:00,9:00 – 1:00,,X,,,https://www.columbiabank.com/locations/longview,
Fircrest Branch,Branch & ATM,1003,2401 Mildred St W,47.23875168,-122.5263668,,Fircrest,WA,98466,US,Puget,,,,,(253) 566-1172,(253) 566-6778,fircrest@columbiabank.com,x,x,x,x,x,x,x,,,,,,,,Pacific Daylight Time,9:00 – 5:00,9:00 – 5:00,9:00 – 5:00,9:00 – 5:00,9:00 – 6:00,9:00 – 1:00,Closed,8:00 – 6:00,8:00 – 6:00,8:00 – 6:00,8:00 – 6:00,8:00 – 6:00,9:00 – 1:00,,X,https://www.columbiabank.com/upload/branches/fircrest.png,,https://www.columbiabank.com/locations/fircrest,
Allenmore Branch,Branch & ATM,1004,1959  S Union Ave,47.24087,-122.48227,,Tacoma,WA,98405,US,Puget,,,,,(253) 627-6909,(253) 627-8744,allenmore@columbiabank.com,x,x,x,x,x,x,x,,,,,,,,Pacific Daylight Time,9:00 – 5:00,9:00 – 5:00,9:00 – 5:00,9:00 – 5:00,9:00 – 6:00,9:00 – 1:00,Closed,8:00 – 6:00,8:00 – 6:00,8:00 – 6:00,8:00 – 6:00,8:00 – 6:00,9:00 – 1:00,,X,https://www.columbiabank.com/upload/branches/allenmore.png,,https://www.columbiabank.com/locations/allenmore,
Lakewood Branch,Branch & ATM,1005,6202 Mt Tacoma Dr SW,47.17008938,-122.5198505,,Lakewood,WA,98499,US,Puget,,,,,(253) 581-4232,(253) 581-0384,lakewoodbranch@columbiabank.com,x,x,x,x,x,x,,,,,,,,,Pacific Daylight Time,9:00 – 5:00,9:00 – 5:00,9:00 – 5:00,9:00 – 5:00,9:00 – 6:00,9:00 – 1:00,Closed,8:00 – 6:00,8:00 – 6:00,8:00 – 6:00,8:00 – 6:00,8:00 – 6:00,9:00 – 1:00,,X,https://www.columbiabank.com/upload/branches/lakewood.png,,https://www.columbiabank.com/locations/lakewood,
Woodland Branch,Branch & ATM,1007,782 Goerig St,45.90360165,-122.7445484,,Woodland,WA,98674,US,Willamette,,,,,(360) 225-9421,(360) 225-8146,woodland@columbiabank.com,x,x,,x,x,x,,,,,,,,,Pacific Daylight Time,9:00 – 5:00,9:00 – 5:00,9:00 – 5:00,9:00 – 5:00,9:00 – 6:00,Closed,Closed,8:00 – 5:00,8:00 – 5:00,8:00 – 5:00,8:00 – 5:00,8:00 – 6:00,9:00 – 1:00,,X,,,https://www.columbiabank.com/locations/woodland,
Gig Harbor Branch,Branch & ATM,1008,5303 Pt Fosdick Dr,47.31298,-122.58975,,Gig Harbor,WA,98335,US,Puget,,,,,(253) 858-5105,(253) 858-5104,gigharbor@columbiabank.com,x,x,x,x,x,x,x,,,,,,,,Pacific Daylight Time,9:00 – 5:00,9:00 – 5:00,9:00 – 5:00,9:00 – 5:00,9:00 – 6:00,9:00 – 1:00,Closed,8:00 – 6:00,8:00 – 6:00,8:00 – 6:00,8:00 – 6:00,8:00 – 6:00,9:00 – 1:00,,X,,,https://www.columbiabank.com/locations/gig-harbor,
Old Town Branch,Branch & ATM,1009,2200 N 30th St,47.27478,-122.4653,,Tacoma,WA,98403,US,Puget,,,,,(253) 272-0412,(253) 272-0361,oldtown@columbiabank.com,,x,,x,x,,,,,,,,,,Pacific Daylight Time,9:00 – 5:00,9:00 – 5:00,9:00 – 5:00,9:00 – 5:00,9:00 – 6:00,Closed,Closed,,,,,,,,,,,https://www.columbiabank.com/locations/old-town,
Federal Way Branch,Branch & ATM,1010,33515 9th Ave S.,47.30251475,-122.31342,,Federal Way,WA,98003,US,Puget,,,,,(253) 925-9323,(253) 925-9344,federalway@columbiabank.com,x,x,,x,x,x,,,,,,,,,Pacific Daylight Time,9:00 – 5:00,9:00 – 5:00,9:00 – 5:00,9:00 – 5:00,9:00 – 6:00,Closed,Closed,9:00 – 6:00,9:00 – 6:00,9:00 – 6:00,9:00 – 6:00,9:00 – 6:00,,,,,,https://www.columbiabank.com/locations/federal-way,
Spanaway Branch,Branch & ATM,1011,17502 Pacific Ave S,47.0982598,-122.4349206,,Spanaway,WA,98387,US,Puget,,,,,(253) 539-3094,(253) 539-3290,spanaway@columbiabank.com,x,x,x,x,x,x,,,,,,,,,Pacific Daylight Time,9:00 – 5:00,9:00 – 5:00,9:00 – 5:00,9:00 – 5:00,9:00 – 6:00,9:00  – 1:00,Closed,9:00 – 6:00,9:00 – 6:00,9:00 – 6:00,9:00 – 6:00,9:00 – 6:00,9:00 – 1:00,,X,,,https://www.columbiabank.com/locations/spanaway,
43rd & Meridian Branch,Branch & ATM,1015,4220 S Meridian,47.15186697,-122.29297,,Puyallup,WA,98373,US,Puget,,,,,(253) 770-0770,(253) 770-0868,43rd&meridian@columbiabank.com,x,x,x,x,x,x,,,,,,,,,Pacific Daylight Time,9:00 – 5:00,9:00 – 5:00,9:00 – 5:00,9:00 – 5:00,9:00 – 6:00,9:00 – 1:00,Closed,9:00 – 6:00,9:00 – 6:00,9:00 – 6:00,9:00 – 6:00,9:00 – 6:00,9:00 – 1:00,,X,,,https://www.columbiabank.com/locations/43rd-meridian,
Ritzville Branch,Branch,1113,201 W Main Ave,47.1269,-118.38076,,Ritzville,WA,99169,US,Columbia,,,,,(509) 659-0223,(509) 659-4360,ritzville@columbiabank.com,,x,,,x,x,,,,,,,,,Pacific Daylight Time,9:00 – 5:00,9:00 – 5:00,9:00 – 5:00,9:00 – 5:00,9:00 – 5:00,Closed,Closed,,,,,,,,,,,https://www.columbiabank.com/locations/ritzville,
176th & Meridian Branch,Branch & ATM,1016,17208 Meridian E,47.10035146,-122.2935109,,Puyallup,WA,98375,US,Puget,,,,,(253) 445-6748,(253) 445-6751,176th&meridian@columbiabank.com,x,x,x,x,x,x,,,,,,,,,Pacific Daylight Time,9:00 – 5:00,9:00 – 5:00,9:00 – 5:00,9:00 – 5:00,9:00 – 6:00,9:00 – 1:00,Closed,9:00 – 6:00,9:00 – 6:00,9:00 – 6:00,9:00 – 6:00,9:00 – 6:00,9:00 – 1:00,,X,https://www.columbiabank.com/upload/branches/176th_Meridian.png,,https://www.columbiabank.com/locations/176th-meridian,
Westgate Branch,Branch & ATM,1018,5727 N 21st St,47.26743903,-122.5135411,,Tacoma,WA,98406,US,Puget,,,,,(253) 761-8170,(253) 761-8174,westgate@columbiabank.com,x,x,x,x,x,x,,,,,,,,,Pacific Daylight Time,9:00 – 5:00,9:00 – 5:00,9:00 – 5:00,9:00 – 5:00,9:00 – 6:00,9:00 – 1:00,Closed,8:00 – 6:00,8:00 – 6:00,8:00 – 6:00,8:00 – 6:00,8:00 – 6:00,9:00 – 1:00,,X,https://www.columbiabank.com/upload/branches/westgate.png,,https://www.columbiabank.com/locations/westgate,
Edgewood-Milton Branch,Branch & ATM,1019,1250 Meridian E,47.24542564,-122.2939068,,Milton,WA,98354,US,Puget,,,,,(253) 952-6646,(253) 952-6473,edgewoodmilton@columbiabank.com,x,x,x,,x,x,,,,,,,,,Pacific Daylight Time,9:00 – 5:00,9:00 – 5:00,9:00 – 5:00,9:00 – 5:00,9:00 – 6:00,9:00 – 1:00,Closed,9:00 – 6:00,9:00 – 6:00,9:00 – 6:00,9:00 – 6:00,9:00 – 6:00,9:00 – 1:00,,X,,,https://www.columbiabank.com/locations/edgewood-milton,
Bellevue Way Branch,Branch & ATM,1020,10350 NE 10th St,47.61927,-122.2023859,,Bellevue,WA,98004,US,Puget,,,,,(425) 452-7323,(425) 452-7329,bellevuewaybranch@columbiabank.com,x,x,,x,x,x,x,x,,,,,,,Pacific Daylight Time,9:00 – 5:30,9:00 – 5:30,9:00 – 5:30,9:00 – 5:30,9:00 – 6:00,Closed,Closed,9:00 – 5:30,9:00 – 5:30,9:00 – 5:30,9:00 – 5:30,9:00 – 6:00,9:00 – 1:00,,X,,,https://www.columbiabank.com/locations/bellevue-way,
Kent Branch,Branch & ATM,1021,504 W Meeker,47.38153906,-122.2374317,,Kent,WA,98032,US,Puget,,,,,(253) 852-0475,(253) 852-0485,kentbranch@columbiabank.com,x,x,,x,x,x,,,,,,,,,Pacific Daylight Time,9:00 – 5:00,9:00 – 5:00,9:00 – 5:00,9:00 – 5:00,9:00 – 6:00,Closed,Closed,9:00 – 6:00,9:00 – 6:00,9:00 – 6:00,9:00 – 6:00,9:00 – 6:00,,,,,,https://www.columbiabank.com/locations/kent,
Stadium Branch,Branch & ATM,1022,601 N 1 St,47.26459,-122.44848,,Tacoma,WA,98403,US,Puget,,,,,(253) 597-8811,(253) 597-8899,stadium@columbiabank.com,x,x,,x,x,x,,,,,,,,,Pacific Daylight Time,9:00 – 5:00,9:00 – 5:00,9:00 – 5:00,9:00 – 5:00,9:00 – 6:00,9:00 – 1:00,Closed,9:00 – 6:00,9:00 – 6:00,9:00 – 6:00,9:00 – 6:00,9:00 – 6:00,9:00 – 1:00,,X,,,https://www.columbiabank.com/locations/stadium,
Tacoma Main,Branch & ATM,1023,1301 A St,47.25154,-122.43674,Suite 100,Tacoma,WA,98402,US,Puget,PO Box 2156,Tacoma,WA,98401,(253) 305-1940,(253) 272-1454,13th&abranch@columbiabank.com,,x,,x,x,x,x,x,x,x,,,x,x,Pacific Daylight Time,9:00 – 5:00,9:00 – 5:00,9:00 – 5:00,9:00 – 5:00,9:00 – 5:00,Closed,Closed,,,,,,,,,,,https://www.columbiabank.com/locations/tacoma,
Auburn Branch,Branch & ATM,1024,2041 Auburn Way N,47.32528957,-122.2215406,,Auburn,WA,98002,US,Puget,,,,,(253) 939-9600,(253) 939-9811,auburnbldg@columbiabank.com,x,x,,x,x,x,x,,,,,,,,Pacific Daylight Time,9:00 – 5:00,9:00 – 5:00,9:00 – 5:00,9:00 – 5:00,9:00 – 6:00,9:00 – 1:00,Closed,9:00 – 6:00,9:00 – 6:00,9:00 – 6:00,9:00 – 6:00,9:00 – 6:00,9:00 – 1:00,,X,,,https://www.columbiabank.com/locations/auburn,
South Auburn Branch,Branch & ATM,1025,4101 A Street SE,47.27196,-122.2289,,Auburn,WA,98002,US,Puget,,,,,(253) 939-9800,(253) 833-2476,southauburn@columbiabank.com,x,x,,x,x,x,,,,,,,,,Pacific Daylight Time,9:00 – 5:00,9:00 – 5:00,9:00 – 5:00,9:00 – 5:00,9:00 – 6:00,9:00 – 1:00,Closed,9:00 – 6:00,9:00 – 6:00,9:00 – 6:00,9:00 – 6:00,9:00 – 6:00,9:00 – 1:00,,X,,,https://www.columbiabank.com/locations/south-auburn,
Fife Branch,Branch & ATM,1026,1501 54th Ave E,47.24412,-122.35694,,Fife,WA,98424,US,Puget,,,,,(253) 922-7870,(253) 926-3181,fife@columbiabank.com,x,x,x,,x,x,,,,,,,,,Pacific Daylight Time,9:00 – 5:00,9:00 – 5:00,9:00 – 5:00,9:00 – 5:00,9:00 – 6:00,Closed,Closed,9:00 – 6:00,9:00 – 6:00,9:00 – 6:00,9:00 – 6:00,9:00 – 6:00,,,,,,https://www.columbiabank.com/locations/fife,
Port Orchard Branch,Branch & ATM,1028,228 Bravo Terrace,47.5026,-122.643465,,Port Orchard,WA,98367,US,Puget,,,,,(360) 876-8384,(360) 876-8320,portorchard@columbiabank.com,x,x,,x,x,x,,,,,,,,,Pacific Daylight Time,9:00 – 5:00,9:00 – 5:00,9:00 – 5:00,9:00 – 5:00,9:00 – 6:00,Closed,Closed,9:00 – 6:00,9:00 – 6:00,9:00 – 6:00,9:00 – 6:00,9:00 – 6:00,9:00 – 1:00,,X,https://www.columbiabank.com/upload/branches/port_orchard.png,,https://www.columbiabank.com/locations/port-orchard,
84th & Pacific Branch,Branch & ATM,1029,201 S 84th St,47.18098,-122.43411,,Tacoma,WA,98444,US,Puget,,,,,(253) 471-7000,(253) 476-0204,84th&pacific@columbiabank.com,x,x,x,x,x,x,,,,,,,,,Pacific Daylight Time,9:00 – 5:00,9:00 – 5:00,9:00 – 5:00,9:00 – 5:00,9:00 – 6:00,9:00 – 1:00,Closed,9:00 – 6:00,9:00 – 6:00,9:00 – 6:00,9:00 – 6:00,9:00 – 6:00,9:00 – 1:00,,X,,,https://www.columbiabank.com/locations/84th-pacific,
West Olympia Branch,Branch & ATM,1031,2820 Harrison Ave NW,47.04621242,-122.9346644,,Olympia,WA,98502,US,Puget,,,,,(360) 357-5800,(253) 357-5588,westolympiabranch@columbiabank.com,x,x,x,x,x,x,x,,,,,,,,Pacific Daylight Time,9:00 – 5:00,9:00 – 5:00,9:00 – 5:00,9:00 – 5:00,9:00 – 5:30,Closed,Closed,9:00 – 5:30,9:00 – 5:30,9:00 – 5:30,9:00 – 5:30,9:00 – 5:30,,,,,,https://www.columbiabank.com/locations/west-olympia,
Bonney Lake Branch,Branch & ATM,1032,19925 State Rte 410 E,47.16922984,-122.1624085,,Bonney Lake,WA,98391,US,Puget,,,,,(253) 863-8500,(253) 862-0113,bonneylake@columbiabank.com,x,x,,x,x,x,,,,,,,,,Pacific Daylight Time,9:00 – 5:00,9:00 – 5:00,9:00 – 5:00,9:00 – 5:00,9:00 – 6:00,9:00 – 1:00,Closed,9:00 – 6:00,9:00 – 6:00,9:00 – 6:00,9:00 – 6:00,9:00 – 6:00,9:00 – 1:00,,X,,,https://www.columbiabank.com/locations/bonney-lake,
Redmond Branch,Branch & ATM,1033,16200 Redmond Way,47.67466,-122.12456,,Redmond,WA,98052,US,Puget,,,,,(425) 558-7500,(425) 558-7501,redmond@columbiabank.com,x,x,,x,x,x,,,,,,,,,Pacific Daylight Time,9:00 – 5:00,9:00 – 5:00,9:00 – 5:00,9:00 – 5:00,9:00 – 6:00,Closed,Closed,9:00 – 6:00,9:00 – 6:00,9:00 – 6:00,9:00 – 6:00,9:00 – 6:00,,,,,,https://www.columbiabank.com/locations/redmond,
2nd & Columbia Branch,Branch & ATM,1035,721 2nd Ave,47.60318286,-122.3333406,,Seattle,WA,98104,US,Puget,,,,,(206) 223-1000,(206) 223-3004,2nd&columbia@columbiabank.com,,x,,x,x,,x,,,,,,,x,Pacific Daylight Time,9:00 – 5:00,9:00 – 5:00,9:00 – 5:00,9:00 – 5:00,9:00 – 5:00,Closed,Closed,,,,,,,,,,,https://www.columbiabank.com/locations/2nd-columbia,
104th & Canyon Branch,Branch & ATM,1036,10321 Canyon Rd E,47.1625849,-122.357162,,Puyallup,WA,98373,US,Puget,,,,,(253) 539-7100,(253) 539-7707,104th&canyon@columbiabank.com,x,x,x,,x,x,,,,,,,,,Pacific Daylight Time,9:00 – 5:00,9:00 – 5:00,9:00 – 5:00,9:00 – 5:00,9:00 – 6:00,9:00 – 4:00,11:00  – 1:00,8:30 – 7:00,8:30 – 7:00,8:30 – 7:00,8:30 – 7:00,8:30 – 7:00,9:00 – 7:00,11:00 – 3:00,X,https://www.columbiabank.com/upload/branches/104th_Canyon.png,,https://www.columbiabank.com/locations/104th-canyon,
Downtown Gig Harbor Branch,Branch & ATM,1037,3006 Judson St,47.328,-122.5787929,Suite 101,Gig Harbor,WA,98335,US,Puget,,,,,(253) 851-5551,(253) 851-6777,downtowngigharbor@columbiabank.com,,x,,x,x,x,,,,,,,,,Pacific Daylight Time,9:00 – 5:00,9:00 – 5:00,9:00 – 5:00,9:00 – 5:00,9:00 – 5:30,Closed,Closed,,,,,,,,,,,https://www.columbiabank.com/locations/downtown-gig-harbor,
Enumclaw Branch,Branch & ATM,1042,501 Roosevelt Ave,47.19946,-121.98424,,Enumclaw,WA,98022,US,Puget,,,,,(360) 825-0100,(360) 825-0194,enumclawbranch@columbiabank.com,x,x,,x,x,x,x,,,,,,,,Pacific Daylight Time,8:00 – 5:00,8:00 – 5:00,8:00 – 5:00,8:00 – 5:00,8:00 – 6:00,Closed,Closed,8:00 – 6:00,8:00 – 6:00,8:00 – 6:00,8:00 – 6:00,8:00 – 6:00,9:00 – 1:00,,X,,,https://www.columbiabank.com/locations/enumclaw,
Buckley Branch,Branch & ATM,1043,29290 Hwy 410 E,47.15815931,-122.0393783,,Buckley,WA,98321,US,Puget,PO Box 660,,,,(360) 829-0100,(360) 829-9105,buckley@columbiabank.com,x,x,,,x,x,x,,,,,,,,Pacific Daylight Time,9:00 – 5:00,9:00 – 5:00,9:00 – 5:00,9:00 – 5:00,9:00 – 6:00,Closed,Closed,9:00 – 6:00,9:00 – 6:00,9:00 – 6:00,9:00 – 6:00,9:00 – 6:00,9:00 – 1:00,,X,,,https://www.columbiabank.com/locations/buckley,
Black Diamond Branch,Branch & ATM,1044,31329 3rd Ave,47.32101695,-122.0061053,,Black Diamond,WA,98010,US,Puget,,,,,(360) 886-0300,(360) 886-9900,blackdiamond@columbiabank.com,x,x,,x,x,x,,,,,,,,,Pacific Daylight Time,9:00 – 5:00,9:00 – 5:00,9:00 – 5:00,9:00 – 5:00,9:00 – 6:00,Closed,Closed,9:00 – 6:00,9:00 – 6:00,9:00 – 6:00,9:00 – 6:00,9:00 – 6:00,,,,,,https://www.columbiabank.com/locations/black-diamond,
Maple Valley Branch,Branch & ATM,1046,23924 225th Way SE,47.38716062,-122.0414959,,Maple Valley,WA,98038,US,Puget,,,,,(425) 413-8200,(425) 413-8300,maplevalley@columbiabank.com,x,x,,x,x,x,x,,,,,,,,Pacific Daylight Time,9:00 – 5:00,9:00 – 5:00,9:00 – 5:00,9:00 – 5:00,9:00 – 6:00,Closed,Closed,9:00 – 6:00,9:00 – 6:00,9:00 – 6:00,9:00 – 6:00,9:00 – 6:00,9:00 – 1:00,,X,,,https://www.columbiabank.com/locations/maple-valley,
Sumner Branch,Branch & ATM,1047,15104 Main St E,47.20266,-122.2282174,,Sumner,WA,98390,US,Puget,,,,,(253) 826-0100,(253) 863-0901,sumner@columbiabank.com,x,x,,x,x,x,,,,,,,,,Pacific Daylight Time,9:00 – 5:00,9:00 – 5:00,9:00 – 5:00,9:00 – 5:00,9:00 – 6:00,Closed,Closed,9:00 – 6:00,9:00 – 6:00,9:00 – 6:00,9:00 – 6:00,9:00 – 6:00,,,,,,https://www.columbiabank.com/locations/sumner,
Bellingham Branch,Branch & ATM,1054,211 E Holly St,48.74879243,-122.4776827,,Bellingham,WA,98225,US,Puget,,,,,(360) 671-2929,(360) 671-3685,bellinghambranch@columbiabank.com,x,x,x,x,x,x,x,,,,,,,,Pacific Daylight Time,9:00 – 5:30,9:00 – 5:30,9:00 – 5:30,9:00 – 5:30,9:00 – 6:00,Closed,Closed,9:00 – 5:30,9:00 – 5:30,9:00 – 5:30,9:00 – 5:30,9:00 – 6:00,,,,https://www.columbiabank.com/upload/branches/bellingham.png,,https://www.columbiabank.com/locations/bellingham,
Warrenton Branch,Branch & ATM,1055,630 SE Marlin Ave,46.15986162,-123.9049969,,Warrenton,OR,97146,US,Willamette,PO Box 1000,,,,(503) 861-9750,(503) 861-2346,warrentonbranch@columbiabank.com,x,x,x,x,x,x,,,,,,,,,Pacific Daylight Time,9:00 – 5:00,9:00 – 5:00,9:00 – 5:00,9:00 – 5:00,9:00 – 6:00,Closed,Closed,8:30 – 5:00,8:30 – 5:00,8:30 – 5:00,8:30 – 5:00,8:30 – 6:00,,,,,,https://www.columbiabank.com/locations/warrenton,
Cannon Beach Branch,Branch & ATM,1056,107 Sunset Blvd,45.88796,-123.9620898,,Cannon Beach,OR,97110,US,Willamette,PO Box 578,,,,(503) 436-0727,(503) 436-0949,cannonbeachbranch@columbiabank.com,,x,,,x,x,,,,,,,,,Pacific Daylight Time,9:00 – 5:00,9:00 – 5:00,9:00 – 5:00,9:00 – 5:00,9:00 – 6:00,Closed,Closed,,,,,,,,,,,https://www.columbiabank.com/locations/cannon-beach,
Astoria Branch,Branch & ATM,1057,1122 Duane St,46.18836327,-123.8314198,,Astoria,OR,97103,US,Willamette,PO Box 28,,,,(503) 325-2228,(503) 338-6332,astoriabranch@columbiabank.com,x,x,,,x,x,x,,,,,,,,Pacific Daylight Time,9:00 – 5:00,9:00 – 5:00,9:00 – 5:00,9:00 – 5:00,9:00 – 6:00,Closed,Closed,8:30 – 5:00,8:30 – 5:00,8:30 – 5:00,8:30 – 5:00,8:30 – 6:00,,,,,,https://www.columbiabank.com/locations/astoria,
Seaside Branch,Branch & ATM,1058,301 Ave A,45.99227,-123.92732,,Seaside,OR,97138,US,Willamette,PO Box 938,,,,(503) 738-8445,(503) 738-7057,seasidebranch@columbiabank.com,x,x,x,,x,x,x,,,,,,,,Pacific Daylight Time,9:00 – 5:00,9:00 – 5:00,9:00 – 5:00,9:00 – 5:00,9:00 – 6:00,Closed,Closed,8:30 – 5:00,8:30 – 5:00,8:30 – 5:00,8:30 – 5:00,8:30 – 6:00,,,,,,https://www.columbiabank.com/locations/seaside,
Tillamook Branch,Branch & ATM,1059,1806 Third St,45.45632,-123.8459745,,Tillamook,OR,97141,US,Willamette,,,,,(503) 815-2600,(503) 815-2625,tillamook@columbiabank.com,x,x,x,,x,x,,,,,,,,,Pacific Daylight Time,9:00 – 5:00,9:00 – 5:00,9:00 – 5:00,9:00 – 5:00,9:00 – 6:00,Closed,Closed,8:30 – 5:00,8:30 – 5:00,8:30 – 5:00,8:30 – 5:00,8:30 – 6:00,,,,,,https://www.columbiabank.com/locations/tillamook,
Manzanita Branch,Branch & ATM,1060,715 Laneda Ave,45.71925805,-123.9294643,,Manzanita,OR,97130,US,Willamette,PO Box 310,,,,5033684284,(503) 368-4281,manzanitabranch@columbiabank.com,x,x,,,x,x,,,,,,,,,Pacific Daylight Time,9:00 – 5:00,9:00 – 5:00,9:00 – 5:00,9:00 – 5:00,9:00 – 6:00,Closed,Closed,8:30 – 5:00,8:30 – 5:00,8:30 – 5:00,8:30 – 5:00,8:30 – 6:00,,,,https://www.columbiabank.com/upload/branches/manzanita.png,,https://www.columbiabank.com/locations/manzanita,
Renton Branch,Branch & ATM,1061,333 SW 7th St,47.47374417,-122.2210469,,Renton,WA,98057,US,Puget,,,,,(425) 228-1800,(425) 255-1725,renton@columbiabank.com,x,x,x,x,x,x,x,,,,,,,,Pacific Daylight Time,9:00 – 5:00,9:00 – 5:00,9:00 – 5:00,9:00 – 5:00,9:00 – 6:00,Closed,Closed,9:00 – 6:00,9:00 – 6:00,9:00 – 6:00,9:00 – 6:00,9:00 – 6:00,,,,,,https://www.columbiabank.com/locations/renton,
McMinnville Branch,Branch & ATM,1065,723 NE Baker,45.21301714,-123.1979678,,McMinnville,OR,97128,US,Willamette,,,,,(503) 472-0534,(503) 472-0538,mcminnville@columbiabank.com,x,x,x,,x,x,,,,,,,,,Pacific Daylight Time,9:00 – 5:00,9:00 – 5:00,9:00 – 5:00,9:00 – 5:00,9:00 – 6:00,Closed,Closed,8:30 – 5:00,8:30 – 5:00,8:30 – 5:00,8:30 – 5:00,8:30 – 6:00,,,,https://www.columbiabank.com/upload/branches/mcminnville.png,,https://www.columbiabank.com/locations/mcminnville,
Hood River Branch,Branch & ATM,1068,2650 Cascade Ave,45.71053872,-121.5386915,,Hood River,OR,97031,US,Columbia,,,,,(541) 387-2444,(503) 387-3290,hoodriver@columbiabank.com,x,x,x,,x,x,x,,,,,,,,Pacific Daylight Time,10:00 – 5:00,10:00 – 5:00,10:00 – 5:00,10:00 – 5:00,10:00 – 5:00,Closed,Closed,8:30 – 5:00,8:30 – 5:00,8:30 – 5:00,8:30 – 5:00,8:30 – 5:30,9:30 – 1:00,,X,,,https://www.columbiabank.com/locations/hood-river,
The Dalles Branch,Branch & ATM,1069,316 E 3rd St,45.60057964,-121.182333,,The Dalles,OR,97058,US,Columbia,,,,,(541) 298-6647,(541) 298-6605,thedalles@columbiabank.com,x,x,,x,x,x,x,,,,,,,,Pacific Daylight Time,9:30 – 5:00,9:30 – 5:00,9:30 – 5:00,9:30 – 5:00,9:30 – 5:00,Closed,Closed,8:30 – 5:00,8:30 – 5:00,8:30 – 5:00,8:30 – 5:00,8:30 – 5:15,,,,,,https://www.columbiabank.com/locations/the-dalles,
Cherry Heights Branch,Branch & ATM,1070,500 Cherry Heights Rd,45.6058814,-121.1947523,,The Dalles,OR,97058,US,Columbia,,,,,(541) 296-1157,(541) 296-1435,cherryheights@columbiabank.com,x,x,x,,x,,,,,,,,,,Pacific Daylight Time,9:30 – 5:00,9:30 – 5:00,9:30 – 5:00,9:30 – 5:00,9:30 – 6:00,Closed,Closed,8:30 – 6:00,8:30 – 6:00,8:30 – 6:00,8:30 – 6:00,8:30 – 6:00,10:00 – 2:00,,X,,,https://www.columbiabank.com/locations/cherry-heights,
Hermiston Branch,Branch & ATM,1071,1033 S Hwy 395,45.83303943,-119.2845413,,Hermiston,OR,97838,US,Columbia,PO Box 827,,,,(541) 564-6800,(541) 564-7683,hermiston@columbiabank.com,x,x,x,,x,x,x,,,,,,,,Pacific Daylight Time,9:30 – 5:00,9:30 – 5:00,9:30 – 5:00,9:30 – 5:00,9:30 – 6:00,Closed,Closed,8:30 – 5:00,8:30 – 5:00,8:30 – 5:00,8:30 – 6:00,8:30 – 6:00,,,,,,https://www.columbiabank.com/locations/hermiston,
Pendleton Branch,Branch & ATM,1072,2101  SW Court Pl,45.6667853,-118.8067542,,Pendleton,OR,97801,US,Columbia,PO Box 848,,,,(541) 278-1796,(541) 278-1799,pendleton@columbiabank.com,x,x,x,,x,x,x,,,,,,,,Pacific Daylight Time,9:30 – 5:00,9:30 – 5:00,9:30 – 5:00,9:30 – 5:00,9:30 – 6:00,Closed,Closed,8:30 – 5:00,8:30 – 5:00,8:30 – 5:00,8:30 – 5:00,8:30 – 6:00,,,,,,https://www.columbiabank.com/locations/pendleton,
Madras Branch,Branch & ATM,1073,624 SW 4th St,44.62726898,-121.1306225,,Madras,OR,97741,US,Columbia,,,,,(541) 475-7221,(541) 475-7083,madras@columbiabank.com,x,x,x,,x,x,x,,,,,,,,Pacific Daylight Time,10:00 – 5:00,10:00 – 5:00,10:00 – 5:00,10:00 – 5:00,10:00 – 6:00,Closed,Closed,8:30 – 5:00,8:30 – 5:00,8:30 – 5:00,8:30 – 5:00,8:30 – 6:00,,,,https://www.columbiabank.com/upload/branches/madras.png,,https://www.columbiabank.com/locations/madras,
Redmond South Branch,Branch & ATM,1075,1502 SW Odem Medo Rd,44.25114358,-121.1836167,,Redmond,OR,97756,US,Puget,,,,,(541) 923-4400,(541) 923-4444,southredmond@columbiabank.com,x,x,x,,x,x,,,,,,,,,Pacific Daylight Time,9:30 – 5:00,9:30 – 5:00,9:30 – 5:00,9:30 – 5:00,9:30 – 5:30,Closed,Closed,8:30 – 5:30,8:30 – 5:30,8:30 – 5:30,8:30 – 5:30,8:30 – 5:30,,,,https://www.columbiabank.com/upload/branches/redmond_south.png,,https://www.columbiabank.com/locations/redmond-south,
Third Street Branch,Branch & ATM,1078,1701 NE 3rd St,44.06664,-121.30253,,Bend,OR,97701,US,Columbia,,,,,(541) 330-1701,(541) 330-0081,thirdstreet@columbiabank.com,x,x,x,,x,x,,,,,,,,,Pacific Daylight Time,9:30 – 5:00,9:30 – 5:00,9:30 – 5:00,9:30 – 5:00,9:30 – 5:00,Closed,Closed,8:30 – 5:30,8:30 – 5:30,8:30 – 5:30,8:30 – 5:30,8:30 – 5:30,,,,https://www.columbiabank.com/upload/branches/bend_3rd_st.png,,https://www.columbiabank.com/locations/third-street,
White Salmon Branch,Branch & ATM,1080,390 NE Tohomish St,45.72803,-121.48119,,White Salmon,WA,98672,US,Columbia,PO Box 279,,,,(509) 493-2500,(509) 493-2584,whitesalmon@columbiabank.com,x,x,,,x,x,,,,,,,,,Pacific Daylight Time,10:00 – 5:00,10:00 – 5:00,10:00 – 5:00,10:00 – 5:00,10:00 – 5:00,Closed,Closed,8:30 – 5:00,8:30 – 5:00,8:30 – 5:00,8:30 – 5:00,8:30 – 6:00,,,,,,https://www.columbiabank.com/locations/white-salmon,
Goldendale Branch,Branch & ATM,1081,202 W Main St,45.8222,-120.8245869,,Goldendale,WA,98620,US,Columbia,,,,,(509) 773-5716,(509) 773-5689,goldendale@columbiabank.com,x,x,,x,x,x,x,,,,,,,,Pacific Daylight Time,9:00 – 5:00,9:00 – 5:00,9:00 – 5:00,9:00 – 5:00,9:00 – 5:30,Closed,Closed,9:00 – 5:00,9:00 – 5:00,9:00 – 5:00,9:00 – 5:00,9:00 – 5:30,,,,,,https://www.columbiabank.com/locations/goldendale,
Meadow Springs Branch,Branch & ATM,1082,139 Gage Blvd,46.22719612,-119.2534102,,Richland,WA,99352,US,Columbia,,,,,(509) 543-1200,(509) 543-1299,meadowsprings@columbiabank.com,x,x,x,,x,x,x,,,,,,,,Pacific Daylight Time,9:00 – 5:00,9:00 – 5:00,9:00 – 5:00,9:00 – 5:00,9:00 – 5:30,Closed,Closed,8:30 – 5:00,8:30 – 5:00,8:30 – 5:00,8:30 – 5:00,8:30 – 6:00,,,,,,https://www.columbiabank.com/locations/meadow-springs,
Pasco Branch,Branch & ATM,1083,4725 Road 68,46.27013798,-119.1837143,,Pasco,WA,99301,US,Columbia,,,,,(509) 543-1300,(509) 543-1399,pasco@columbiabank.com,x,x,x,,x,x,,,,,,,,,Pacific Daylight Time,9:00 – 5:00,9:00 – 5:00,9:00 – 5:00,9:00 – 5:00,9:00 – 6:00,Closed,Closed,8:30 – 5:00,8:30 – 5:00,8:30 – 5:00,8:30 – 5:00,8:30 – 6:00,,,,,,https://www.columbiabank.com/locations/pasco,
Sunnyside Branch,Branch & ATM,1084,2690 E Lincoln Ave,46.31682298,-119.9868418,,Sunnyside,WA,98944,US,Columbia,,,,,(509) 837-3350,(509) 839-1824,sunnyside@columbiabank.com,x,x,x,,x,x,,,,,,,,x,Pacific Daylight Time,9:00 – 5:00,9:00 – 5:00,9:00 – 5:00,9:00 – 5:00,9:00 – 6:00,Closed,Closed,8:30 – 5:00,8:30 – 5:00,8:30 – 5:00,8:30 – 5:00,8:30 – 6:00,,,,,,https://www.columbiabank.com/locations/sunnyside,
Yakima Branch,Branch & ATM,1085,10 N 5th Ave,46.60011583,-120.5156892,,Yakima,WA,98902,US,Columbia,,,,,(509) 494-1700,(509) 494-1759,yakima@columbiabank.com,x,x,x,,x,x,x,,,,,,,,Pacific Daylight Time,9:00 – 5:00,9:00 – 5:00,9:00 – 5:00,9:00 – 5:00,9:00 – 5:30,Closed,Closed,9:00 – 5:30,9:00 – 5:30,9:00 – 5:30,9:00 – 5:30,9:00 – 6:00,,,,,,https://www.columbiabank.com/locations/yakima,
Winslow Way Branch,Branch & ATM,1086,249 Winslow Way E,47.62484515,-122.5189721,200,Bainbridge Island,WA,98110,US,Puget,,,,,(206) 842-5651,(206) 866-8608,winslow@columbiabank.com,,x,,,x,x,x,,,,,,x,,Pacific Daylight Time,9:00 – 5:00,9:00 – 5:00,9:00 – 5:00,9:00 – 5:00,9:00 – 6:00,9:00 – 1:00,Closed,,,,,,,,,https://www.columbiabank.com/upload/branches/winslow_way.png,,https://www.columbiabank.com/locations/winslow-way,
High School Road Branch,Branch & ATM,1087,208 High School Rd NE,47.63579541,-122.5194602,,Bainbridge Island,WA,98110,US,Puget,,,,,(206) 842-1035,(206) 855-8632,highschoolroad@columbiabank.com,x,x,x,,x,x,,,,,,,,,Pacific Daylight Time,9:00 – 5:00,9:00 – 5:00,9:00 – 5:00,9:00 – 5:00,9:00 – 6:00,Closed,Closed,8:30 – 5:00,8:30 – 5:00,8:30 – 5:00,8:30 – 5:00,8:30 – 6:00,,,,https://www.columbiabank.com/upload/branches/high_school_road.png,,https://www.columbiabank.com/locations/high-school-road,
Kingston Branch,Branch & ATM,1089,26563 Lindvog Rd NE,47.80734047,-122.5037423,,Kingston,WA,98346,US,Puget,,,,,(360) 297-1711,(360) 297-1713,kingstonbranch@columbiabank.com,x,x,x,,x,x,x,,,,,,,,Pacific Daylight Time,9:00 – 5:00,9:00 – 5:00,9:00 – 5:00,9:00 – 5:00,9:00 – 6:00,Closed,Closed,8:30 – 5:00,8:30 – 5:00,8:30 – 5:00,8:30 – 5:00,8:30 – 6:00,,,,,,https://www.columbiabank.com/locations/kingston,
Poulsbo Branch  (In Central Market),Branch & ATM,1093,20148 10th Ave NE,47.74636161,-122.6381585,Suite B,Poulsbo,WA,98370,US,Puget,,,,,(360) 779-9889,(360) 394-8106,poulsbobranch@columbiabank.com,,x,,,x,x,,,,,,,,,Pacific Daylight Time,9:00 – 6:00,9:00 – 6:00,9:00 – 6:00,9:00 – 6:00,9:00 – 6:00,10:00 – 2:00,Closed,,,,,,,,,https://www.columbiabank.com/upload/branches/poulsbo.png,,https://www.columbiabank.com/locations/poulsbo,
Silverdale Branch,Branch & ATM,1096,10100 Silverdale Way NW,47.65467475,-122.6895698,,Silverdale,WA,98383,US,Puget,PO Box 398,,,,(360) 692-6196,(360) 692-7283,silverdalebranch@columbiabank.com,x,x,,x,x,x,x,,,,,,,,Pacific Daylight Time,9:00 – 5:00,9:00 – 5:00,9:00 – 5:00,9:00 – 5:00,9:00 – 6:00,9:00 – 1:00,Closed,8:30 – 5:00,8:30 – 5:00,8:30 – 5:00,8:30 – 5:00,8:30 – 6:00,9:00 – 1:00,,X,,,https://www.columbiabank.com/locations/silverdale,
Evergreen Way Branch,Branch & ATM,1098,11102 Evergreen Way,47.89704429,-122.2513271,,Everett,WA,98204,US,Puget,,,,,(425) 740-3060,(425) 470-3061,evergreenway@columbiabank.com,x,x,,x,x,,,,,,,,,,Pacific Daylight Time,9:00 – 5:00,9:00 – 5:00,9:00 – 5:00,9:00 – 5:00,9:00 – 6:00,Closed,Closed,9:00 – 5:00,9:00 – 5:00,9:00 – 5:00,9:00 – 5:00,9:00 – 6:00,,,,https://www.columbiabank.com/upload/branches/evergreen_way.png,,https://www.columbiabank.com/locations/evergreen-way,
Burlington Branch,Branch & ATM,1101,723 Haggen Dr,48.47146481,-122.3378109,,Burlington,WA,98233,US,Puget,PO Box 805,,,,(360) 757-0100,(360) 707-0200,burlington@columbiabank.com,x,x,,x,x,x,x,,,,,,,,Pacific Daylight Time,9:00 – 5:00,9:00 – 5:00,9:00 – 5:00,9:00 – 5:00,9:00 – 6:00,Closed,Closed,8:30 – 5:00,8:30 – 5:00,8:30 – 5:00,8:30 – 5:00,8:30 – 6:00,,,,,,https://www.columbiabank.com/locations/burlington,
Concrete Branch,Branch & ATM,1102,45872 Main St,48.53893828,-121.7472497,,Concrete,WA,98237,US,Puget,PO Box 426,,,,(360) 853-8171,(360) 853-7636,concrete@columbiabank.com,x,x,,x,x,x,,,,,,,,,Pacific Daylight Time,9:00 – 5:00,9:00 – 5:00,9:00 – 5:00,9:00 – 5:00,9:00 – 6:00,Closed,Closed,8:30 – 5:00,8:30 – 5:00,8:30 – 5:00,8:30 – 5:00,8:30 – 6:00,,,,,,https://www.columbiabank.com/locations/concrete,
Snohomish Branch,Branch & ATM,1104,167 Lincoln Ave,47.91159143,-122.0874779,,Snohomish,WA,98290,US,Puget,PO Box 550,,,,(360) 568-0536,(360) 568-0543,snohomish@columbiabank.com,x,x,x,,x,x,x,,,,,,,,Pacific Daylight Time,9:00 – 6:00,9:00 – 6:00,9:00 – 6:00,9:00 – 6:00,9:00 – 6:00,Closed,Closed,9:00 – 6:00,9:00 – 6:00,9:00 – 6:00,9:00 – 6:00,9:00 – 6:00,,,,,,https://www.columbiabank.com/locations/snohomish,
Everett Branch,Branch & ATM,1105,1810 Everett Ave,47.98194694,-122.2055882,,Everett,WA,98201,US,Puget,,,,,(425) 303-1800,(425) 303-1885,everett@columbiabank.com,X,x,x,,x,x,x,,,,,,,,Pacific Daylight Time,9:00 – 5:00,9:00 – 5:00,9:00 – 5:00,9:00 – 5:00,9:00 – 6:00,Closed,Closed,9:00 – 5:00,9:00 – 5:00,9:00 – 5:00,9:00 – 5:00,9:00 – 6:00,,,,https://www.columbiabank.com/upload/branches/everett.png,,https://www.columbiabank.com/locations/everett,
Monroe Branch,Branch & ATM,1106,19500 Hwy 2,47.85902367,-121.9691665,,Monroe,WA,98272,US,Puget,,,,,(360) 794-6008,(360) 794-8933,monroe@columbiabank.com,x,x,,x,x,x,x,,,,,,,,Pacific Daylight Time,9:00 – 6:00,9:00 – 6:00,9:00 – 6:00,9:00 – 6:00,9:00 – 6:00,Closed,Closed,9:00 – 6:00,9:00 – 6:00,9:00 – 6:00,9:00 – 6:00,9:00 – 6:00,,,,,,https://www.columbiabank.com/locations/monroe,
Arlington Branch,Branch & ATM,1107,404 N West Ave,48.1961505,-122.1281051,,Arlington,WA,98223,US,Puget,PO Box 296,,,,(360) 435-5545,(360) 435-7378,arlington@columbiabank.com,x,x,x,,x,x,,,,,,,,,Pacific Daylight Time,9:00 – 5:00,9:00 – 5:00,9:00 – 5:00,9:00 – 5:00,9:00 – 6:00,Closed,Closed,9:00 – 5:00,9:00 – 5:00,9:00 – 5:00,9:00 – 5:00,9:00 – 6:00,,,,https://www.columbiabank.com/upload/branches/arlington.png,,https://www.columbiabank.com/locations/arlington,
Clarkston Branch,Branch & ATM,1109,233 Bridge St,46.42008,-117.04077,,Clarkston,WA,99403,US,Columbia,,,,,(509) 758-8660,(509) 758-8692,clarkston@columbiabank.com,x,x,x,,x,x,x,,,,,,,,Pacific Daylight Time,9:00 – 5:00,9:00 – 5:00,9:00 – 5:00,9:00 – 5:00,9:00 – 5:00,Closed,Closed,8:30 – 5:30,8:30 – 5:30,8:30 – 5:30,8:30 – 5:30,8:30 – 6:00,,,,,,https://www.columbiabank.com/locations/clarkston,
Colfax Branch,Branch & ATM,1110,201 Main St,46.8799,-117.36476,,Colfax,WA,99111,US,Columbia,,,,,(509) 397-4629,(509) 397-3708,colfax@columbiabank.com,x,x,,x,x,x,,,,,,,,,Pacific Daylight Time,9:00 – 5:00,9:00 – 5:00,9:00 – 5:00,9:00 – 5:00,9:00 – 5:00,Closed,Closed,9:00 – 5:00,9:00 – 5:00,9:00 – 5:00,9:00 – 5:00,9:00 – 6:00,,,,,,https://www.columbiabank.com/locations/colfax,
Othello Branch,Branch & ATM,1111,605 E Main St,46.82618041,-119.1662912,,Othello,WA,99344,US,Columbia,PO Box 606,,,,(509) 488-9948,(509) 488-9981,othello@columbiabank.com,x,x,x,,x,x,,,,,,,,,Pacific Daylight Time,9:00 – 5:00,9:00 – 5:00,9:00 – 5:00,9:00 – 5:00,9:00 – 6:00,Closed,Closed,9:00 – 5:00,9:00 – 5:00,9:00 – 5:00,9:00 – 5:00,9:00 – 6:00,,,,,,https://www.columbiabank.com/locations/othello,
Pullman Branch,Branch & ATM,1112,795 SE Bishop Blvd,46.71360674,-117.1712107,,Pullman,WA,99163,US,Columbia,,,,,(509) 334-7940,(509) 334-1650,pullman@columbiabank.com,x,x,x,,x,x,x,,,,,,,,Pacific Daylight Time,9:00 – 5:30,9:00 – 5:30,9:00 – 5:30,9:00 – 5:30,9:00 – 5:30,Closed,Closed,9:00 – 5:30,9:00 – 5:30,9:00 – 5:30,9:00 – 5:30,9:00 – 6:00,,,,,,https://www.columbiabank.com/locations/pullman,
Downtown Spokane Branch,Branch & ATM,1114,505 W Riverside Ave,47.65794,-117.419612,Suite 100,Spokane,WA,99201,US,Columbia,,,,,(509) 363-8800,(509) 456-3378,downtownspokane@columbiabank.com,,x,,x,x,x,x,x,x,,,,x,x,Pacific Daylight Time,8:30 – 5:00,8:30 – 5:00,8:30 – 5:00,8:30 – 5:00,8:30 – 5:00,Closed,Closed,,,,,,,,,,,https://www.columbiabank.com/locations/downtown-spokane,
Wandermere Branch,Branch & ATM,1115,12812 N Addison St,47.77435,-117.40558,,Spokane,WA,99218,US,Columbia,,,,,(509) 464-3023,(509) 464-3043,wandermere@columbiabank.com,x,x,x,,x,x,x,,,,,,,,Pacific Daylight Time,9:00 – 5:00,9:00 – 5:00,9:00 – 5:00,9:00 – 5:00,9:00 – 5:00,Closed,Closed,9:00 – 5:00,9:00 – 5:00,9:00 – 5:00,9:00 – 5:00,9:00 – 5:00,,,,,,https://www.columbiabank.com/locations/wandermere,
Walla Walla Branch,Branch & ATM,1116,500 W Main,46.06385242,-118.3464814,,Walla Walla,WA,99362,US,Columbia,,,,,(509) 529-5559,(509) 529-0144,wallawalla@columbaibank.com,x,x,x,,x,x,x,,,,,,,,Pacific Daylight Time,9:00 – 5:00,9:00 – 5:00,9:00 – 5:00,9:00 – 5:00,9:00 – 5:00,Closed,Closed,8:30 – 5:00,8:30 – 5:00,8:30 – 5:00,8:30 – 5:00,8:30 – 6:00,,,,,,https://www.columbiabank.com/locations/walla-walla,
Mattawa Branch,Branch & ATM,1117,101 S Portage Ave,46.73783,-119.90663,,Mattawa,WA,99349,US,Columbia,PO Box 2478,,,,(509) 932-5480,(509) 932-5481,mattawa@columbiabank.com,x,x,x,,,,,,,,,,,,Pacific Daylight Time,9:00 – 5:00,9:00 – 5:00,9:00 – 5:00,9:00 – 5:00,9:00 – 6:00,Closed,Closed,9:00 – 5:00,9:00 – 5:00,9:00 – 5:00,9:00 – 5:00,9:00 – 6:00,,,,https://www.columbiabank.com/upload/branches/mattawa.png,,https://www.columbiabank.com/locations/mattawa,
Vancouver Downtown Branch,Branch & ATM,1190,101 East 6th Street,45.6257,-122.67164,,Vancouver,WA,98660,US,Willamette,,,,,(360) 735-3709,(360) 859-9012,,x,x,x,,x,x,,,,,,,,,Pacific Daylight Time,9:00 – 5:00,9:00 – 5:00,9:00 – 5:00,9:00 – 5:00,9:00 – 6:00,Closed,Closed,9:00 – 5:00,9:00 – 5:00,9:00 – 5:00,9:00 – 5:00,9:00 – 6:00,,,,,,https://www.columbiabank.com/locations/vancouver-downtown,
Ballard NeighborHub,Branch & ATM,BALLA-56012ANSW,5601 22nd Ave NW,47.6696309,-122.3849034,,Seattle,WA,98107,US,Puget,,,,,206-254-8070,,ballard@columbiabank.com,,X,,,,,,,,,,,,,,9:00 - 5:00,9:00 - 5:00,9:00 - 5:00,9:00 - 5:00,9:00 - 6:00,,,,,,,,,,,,,https://www.columbiabank.com/locations/ballard/,
122nd & Airport Way Branch,Branch & ATM,1120,5083 NE 122nd Ave,45.56039,-122.53725,,Portland,OR,97230,US,Willamette,,,,,(503) 257-6511,(503) 257-6294,,x,x,,x,x,x,,,,,,,,,Pacific Daylight Time,9:00 – 5:00,9:00 – 5:00,9:00 – 5:00,9:00 – 5:00,9:00 – 5:30,Closed,Closed,9:00 – 5:00,9:00 – 5:00,9:00 – 5:00,9:00 – 5:00,9:00 – 5:30,,,,,,https://www.columbiabank.com/locations/122nd-airport-way,
Centralia Branch,Branch & ATM,1160,1100 Harrison Ave,46.72834,-122.97956,,Centralia,WA,98531,US,Puget,,,,,(360) 736-0722,(360) 736-4611,,x,x,x,,x,x,,,,,,,,,Pacific Daylight Time,9:00 – 5:00,9:00 – 5:00,9:00 – 5:00,9:00 – 5:00,9:00 – 6:00,Closed,Closed,9:00 – 5:30,9:00 – 5:30,9:00 – 5:30,9:00 – 5:30,9:00 – 6:00,,,,,,https://www.columbiabank.com/locations/centralia,
Chehalis Branch,Branch & ATM,1161,290 NW Chehalis Ave,46.66329041,-122.970081,,Chehalis,WA,98532,US,Puget,,,,,(360) 748-1887,(360) 740-0305,,x,x,x,,x,x,,,,,,,,,Pacific Daylight Time,9:00 – 5:00,9:00 – 5:00,9:00 – 5:00,9:00 – 5:00,9:00 – 6:00,Closed,Closed,9:00 – 5:30,9:00 – 5:30,9:00 – 5:30,9:00 – 5:30,9:00 – 6:00,,,,,,https://www.columbiabank.com/locations/chehalis,
Clackamas Branch,Branch & ATM,1150,9000 SE 82nd Ave,45.45818,-122.57912,,Happy Valley,OR,97086,US,Willamette,,,,,(503) 387-4040,(503) 387-4050,,x,x,x,,x,x,,,,,,,,,Pacific Daylight Time,9:00 – 5:00,9:00 – 5:00,9:00 – 5:00,9:00 – 5:00,9:00 – 6:00,Closed,Closed,9:00 – 5:00,9:00 – 5:00,9:00 – 5:00,9:00 – 5:00,9:00 – 6:00,,,,,,https://www.columbiabank.com/locations/clackamas,
Dallas Branch,Branch & ATM,1124,150 W Ellendale Ave,44.92923136,-123.313573,,Dallas,OR,97338,US,Willamette,,,,,(503) 623-9281,(503) 623-9277,,x,x,x,,x,x,,,,,,,,,Pacific Daylight Time,10:00 – 5:00,10:00 – 5:00,10:00 – 5:00,10:00 – 5:00,10:00 – 6:00,Closed,Closed,8:30 – 5:00,8:30 – 5:00,8:30 – 5:00,8:30 – 5:00,8:30 – 6:00,,,,,,https://www.columbiabank.com/locations/dallas,
Depoe Bay Branch,Branch & ATM,1125,541 NW Highway 101,44.81811915,-124.063148,,Depoe Bay,OR,97341,US,Willamette,,,,,(541) 765-2356,(541) 765-2913,,x,x,,x,x,x,,,,,,,,,Pacific Daylight Time,9:00 – 5:00,9:00 – 5:00,9:00 – 5:00,9:00 – 5:00,9:00 – 6:00,Closed,Closed,8:30 – 5:00,8:30 – 5:00,8:30 – 5:00,8:30 – 5:00,8:30 – 6:00,,,,,,https://www.columbiabank.com/locations/depoe-bay,
Forest Grove Branch,Branch & ATM,1130,4110 Pacific Ave,45.52021624,-123.0756493,,Forest Grove,OR,97116,US,Willamette,,,,,(503) 359-4495,(503) 357-5077,,x,x,x,x,x,x,,,,,,,,,Pacific Daylight Time,9:00 – 5:00,9:00 – 5:00,9:00 – 5:00,9:00 – 5:00,9:00 – 6:00,Closed,Closed,9:00 – 5:00,9:00 – 5:00,9:00 – 5:00,9:00 – 5:00,9:00 – 6:00,,,,,,https://www.columbiabank.com/locations/forest-grove,
Gresham Branch,Branch & ATM,1131,473 NW Burnside Rd,45.50980621,-122.4345117,,Gresham,OR,97030,US,Willamette,,,,,(503) 618-0939,(503) 492-1568,,x,x,x,x,x,x,,,,,,,,,Pacific Daylight Time,9:00 – 5:00,9:00 – 5:00,9:00 – 5:00,9:00 – 5:00,9:00 – 6:00,Closed,Closed,9:00 – 5:00,9:00 – 5:00,9:00 – 5:00,9:00 – 5:00,9:00 – 6:00,,,,,,https://www.columbiabank.com/locations/gresham,
Happy Valley Branch,Branch & ATM,1132,15820 SE Happy Valley Town Ctr Dr,45.42809376,-122.4995168,,Happy Valley,OR,97086,US,Willamette,,,,,(503) 489-1920,(503) 489-1930,,x,x,x,,x,x,,,,,,,,x,Pacific Daylight Time,9:00 – 5:00,9:00 – 5:00,9:00 – 5:00,9:00 – 5:00,9:00 – 6:00,Closed,Closed,9:00 – 5:00,9:00 – 5:00,9:00 – 5:00,9:00 – 5:00,9:00 – 6:00,,,,,,https://www.columbiabank.com/locations/happy-valley,
Hillsboro Branch,Branch & ATM,1133,310 SE Washington St,45.52134796,-122.9859873,,Hillsboro,OR,97123,US,Willamette,,,,,(503) 693-6792,(503) 681-9433,,x,x,x,x,x,x,,,,,,,,,Pacific Daylight Time,9:00 – 5:00,9:00 – 5:00,9:00 – 5:00,9:00 – 5:00,9:00 – 6:00,Closed,Closed,9:00 – 5:00,9:00 – 5:00,9:00 – 5:00,9:00 – 5:00,9:00 – 6:00,,,,,,https://www.columbiabank.com/locations/hillsboro,
Hoodsport Branch,Branch & ATM,1163,24341 N Highway 101,47.40684314,-123.1404533,,Hoodsport,WA,98548,US,Puget,,,,,(360) (877) 5272,(360) (877) 9558,,x,x,,x,x,x,,,,,,,,,Pacific Daylight Time,9:00 – 5:00,9:00 – 5:00,9:00 – 5:00,9:00 – 5:00,9:00 – 5:00,Closed,Closed,9:00 – 5:00,9:00 – 5:00,9:00 – 5:00,9:00 – 5:00,9:00 – 5:00,,,,,,https://www.columbiabank.com/locations/hoodsport,
Keizer Branch,Branch & ATM,1134,4260 River Road N,44.98704938,-123.02662,,Keizer,OR,97303,US,Willamette,,,,,(503) 399-2966,(503) 390-7632,,x,x,x,,x,x,,,,,,,,,Pacific Daylight Time,10:00 – 5:00,10:00 – 5:00,10:00 – 5:00,10:00 – 5:00,10:00 – 6:00,Closed,Closed,8:30 – 5:00,8:30 – 5:00,8:30 – 5:00,8:30 – 5:00,8:30 – 6:00,,,,,,https://www.columbiabank.com/locations/keizer,
King City Branch,Branch & ATM,1136,15340 SW Royalty Pkwy,45.40827167,-122.7956633,,King City,OR,97224,US,Willamette,,,,,(503) 968-6643,(503) 968-7674,,x,x,x,,x,x,,,,,,,,,Pacific Daylight Time,9:00 – 5:00,9:00 – 5:00,9:00 – 5:00,9:00 – 5:00,9:00 – 6:00,Closed,Closed,9:00 – 5:00,9:00 – 5:00,9:00 – 5:00,9:00 – 5:00,9:00 – 6:00,,,,,,https://www.columbiabank.com/locations/king-city,
Lake Oswego Branch,Branch & ATM,1137,5000 Meadows Rd,45.41741388,-122.7278389,Suite 100,Lake Oswego,OR,97035,US,Willamette,,,,,(503) 624-5864,(503) 624-0677,,,x,,x,x,x,,,,,,,,x,Pacific Daylight Time,9:00 – 5:00,9:00 – 5:00,9:00 – 5:00,9:00 – 5:00,9:00 – 5:00,Closed,Closed,,,,,,,,,,,https://www.columbiabank.com/locations/lake-oswego,
Lincoln City Branch,Branch & ATM,1138,4157 N Highway 101,44.93467774,-124.0227243,Suite 135,Lincoln City,OR,97367,US,Willamette,,,,,(541) 994-9161,(541) 994-5449,,x,x,,x,x,x,,,,,,,,,Pacific Daylight Time,9:00 – 5:00,9:00 – 5:00,9:00 – 5:00,9:00 – 5:00,9:00 – 6:00,Closed,Closed,8:00 – 5:30,8:00 – 5:30,8:00 – 5:30,8:00 – 5:30,8:00 – 6:00,,,,,,https://www.columbiabank.com/locations/lincoln-city,
Molalla Branch,Branch & ATM,1141,401 E Main Street,45.14676,-122.57376,,Molalla,OR,97038,US,Willamette,,,,,(503) 829-2237,(503) 829-8321,,x,x,x,,x,x,,,,,,,,,Pacific Daylight Time,9:00 – 5:00,9:00 – 5:00,9:00 – 5:00,9:00 – 5:00,9:00 – 6:00,Closed,Closed,9:00 – 5:00,9:00 – 5:00,9:00 – 5:00,9:00 – 5:00,9:00 – 6:00,,,,,,https://www.columbiabank.com/locations/molalla,
Monmouth Branch,Branch & ATM,1142,200 E Main Street,44.84854,-123.23422,,Monmouth,OR,97361,US,Willamette,,,,,(503) 838-0601,(503) 838-4895,,x,x,,x,x,x,,,,,,,,,Pacific Daylight Time,10:00 – 5:00,10:00 – 5:00,10:00 – 5:00,10:00 – 5:00,10:00 – 6:00,Closed,Closed,8:30 – 5:30,8:30 – 5:30,8:30 – 5:30,8:30 – 5:30,8:30 – 6:00,,,,,,https://www.columbiabank.com/locations/monmouth,
Mt. Angel Branch,Branch & ATM,1143,160 E Charles Street,45.06805622,-122.7987278,,Mt. Angel,OR,97362,US,Willamette,,,,,5038452265,(503) 845-6271,,x,x,,x,x,x,,,,,,,,,Pacific Daylight Time,9:30 – 5:00,9:30 – 5:00,9:30 – 5:00,9:30 – 5:00,9:30 – 6:00,Closed,Closed,9:00 – 5:00,9:00 – 5:00,9:00 – 5:00,9:00 – 5:00,9:00 – 6:00,,,,,,https://www.columbiabank.com/locations/mt-angel,
Newport Branch,Branch & ATM,1144,506 SW Coast Highway,44.63237962,-124.0581811,,Newport,OR,97365,US,Willamette,,,,,(541) 265-6666,(541) 265-8656,,x,x,x,,x,x,,,,,,,,,Pacific Daylight Time,9:00 – 5:00,9:00 – 5:00,9:00 – 5:00,9:00 – 5:00,9:00 – 6:00,Closed,Closed,8:30 – 5:30,8:30 – 5:30,8:30 – 5:30,8:30 – 5:30,8:30 – 6:00,,,,,,https://www.columbiabank.com/locations/newport,
North Plains Branch,Branch & ATM,1145,10355 NW Glencoe Rd,45.5951321,-122.9945377,Suite A,North Plains,OR,97133,US,Willamette,,,,,(503) 647-2245,(503) 647-2246,,x,x,x,,x,x,,,,,,,,,Pacific Daylight Time,9:00 – 5:00,9:00 – 5:00,9:00 – 5:00,9:00 – 5:00,9:00 – 5:30,Closed,Closed,9:00 – 5:00,9:00 – 5:00,9:00 – 5:00,9:00 – 5:00,9:00 – 5:30,,,,,,https://www.columbiabank.com/locations/north-plains,
Olympia Downtown Branch,Branch & ATM,1164,303 Union Ave SE,47.03917143,-122.8983043,,Olympia,WA,98501,US,Puget,,,,,(360) 753-2400,(360) 412-7801,,x,x,x,,x,x,,,,,,,,,Pacific Daylight Time,9:00 – 5:00,9:00 – 5:00,9:00 – 5:00,9:00 – 5:00,9:00 – 6:00,Closed,Closed,9:00 – 5:30,9:00 – 5:30,9:00 – 5:30,9:00 – 5:30,9:00 – 6:00,,,,,,https://www.columbiabank.com/locations/olympia-downtown,
Orchards Branch,Branch & ATM,1165,7500 NE 117th Ave,45.67703109,-122.55256,,Vancouver,WA,98662,US,Willamette,PO Box 821259,Vancouver,WA,98682,(360) 253-3785,(360) 253-5427,,x,x,x,,x,x,,,,,,,,,Pacific Daylight Time,9:00 – 5:00,9:00 – 5:00,9:00 – 5:00,9:00 – 5:00,9:00 – 6:00,Closed,Closed,9:00 – 5:00,9:00 – 5:00,9:00 – 5:00,9:00 – 5:00,9:00 – 6:00,,,,,,https://www.columbiabank.com/locations/orchards,
Oregon City Branch,Branch & ATM,1146,19550 Mollala Ave,45.32384,-122.57994,Suite 139,Oregon City,OR,97045,US,Willamette,,,,,(503) 723-5036,(503) 723-5142,,,x,,x,x,x,,,,,,,,,Pacific Daylight Time,9:00 – 5:00,9:00 – 5:00,9:00 – 5:00,9:00 – 5:00,9:00 – 6:00,Closed,Closed,,,,,,,,,,,https://www.columbiabank.com/locations/oregon-city,
Pearl District Branch,Branch & ATM,1147,1207 NW Glisan,45.52650878,-122.6833137,,Portland,OR,97209,US,Willamette,,,,,(503) 274-0655,(503) 274-0669,,,x,,x,x,x,,,,,,,,,Pacific Daylight Time,9:00 – 5:00,9:00 – 5:00,9:00 – 5:00,9:00 – 5:00,9:00 – 6:00,Closed,Closed,,,,,,,,,,,https://www.columbiabank.com/locations/pearl-district,
Raleigh Hills Branch,Branch & ATM,1148,4805 SW 77th Ave,45.48517334,-122.7569862,,Portland,OR,97225,US,Willamette,,,,,(503) 292-6319,(503) 292-6349,,,x,,x,x,x,,,,,,,,,Pacific Daylight Time,9:00 – 5:00,9:00 – 5:00,9:00 – 5:00,9:00 – 5:00,9:00 – 6:00,Closed,Closed,,,,,,,,,,,https://www.columbiabank.com/locations/raleigh-hills,
Salem South Branch,Branch & ATM,1152,3305 Commercial Street SE,44.90850073,-123.0441215,,Salem,OR,97302,US,Willamette,,,,,(503) 399-2978,(503) 364-5357,,x,x,x,,x,x,,,,,,,,,Pacific Daylight Time,9:30 – 5:00,9:30 – 5:00,9:30 – 5:00,9:30 – 5:00,9:30 – 6:00,Closed,Closed,8:00 – 5:30,8:00 – 5:30,8:00 – 5:30,8:00 – 5:30,8:00 – 6:00,,,,,,https://www.columbiabank.com/locations/salem-south,
Salem West Branch,Branch & ATM,1157,1060 Wallace Road NW,44.95006839,-123.051617,,Salem,OR,97304,US,Willamette,,,,,(503) 399-2955,(503) 363-2157,,x,x,x,,x,x,,,,,,,,,Pacific Daylight Time,10:00 – 5:00,10:00 – 5:00,10:00 – 5:00,10:00 – 5:00,10:00 – 6:00,Closed,Closed,8:00 – 5:30,8:00 – 5:30,8:00 – 5:30,8:00 – 5:30,8:00 – 6:00,,,,,,https://www.columbiabank.com/locations/salem-west,
Salmon Creek Branch,Branch & ATM,1166,13305 NE Hwy 99,45.7172655,-122.652429,Suite 106,Vancouver,WA,98686,US,Willamette,,,,,(360) 571-7104,(360) 571-2962,,,x,,x,x,x,,,,,,,,,Pacific Daylight Time,9:00 – 5:00,9:00 – 5:00,9:00 – 5:00,9:00 – 5:00,9:00 – 6:00,Closed,Closed,,,,,,,,,,,https://www.columbiabank.com/locations/salmon-creek,
Shelton Branch,Branch & ATM,1167,2307 Olympic Highway N,47.22458327,-123.1224229,,Shelton,WA,98584,US,Puget,,,,,(360) 426-5581,(360) 427-0580,,x,x,x,,x,x,,,,,,,,,Pacific Daylight Time,9:00 – 5:00,9:00 – 5:00,9:00 – 5:00,9:00 – 5:00,9:00 – 6:00,Closed,Closed,9:00 – 5:30,9:00 – 5:30,9:00 – 5:30,9:00 – 5:30,9:00 – 6:00,,,,,,https://www.columbiabank.com/locations/shelton,
Silverton Branch,Branch & ATM,1151,315 E Main Street,45.00560143,-122.7819057,,Silverton,OR,97381,US,Willamette,,,,,(503) 873-5376,(503) 873-2969,,x,x,x,,x,x,,,,,,,,,Pacific Daylight Time,9:00 – 5:00,9:00 – 5:00,9:00 – 5:00,9:00 – 5:00,9:00 – 6:00,Closed,Closed,9:00 – 5:00,9:00 – 5:00,9:00 – 5:00,9:00 – 5:00,9:00 – 6:00,,,,,,https://www.columbiabank.com/locations/silverton,
Stayton Branch,Branch & ATM,1153,1800 Wilco Road,44.80888152,-122.8148627,,Stayton,OR,97383,US,Willamette,,,,,(503) 769-7307,(503) 769-7326,,x,x,x,,x,x,,,,,,,,,Pacific Daylight Time,9:30 – 5:00,9:30 – 5:00,9:30 – 5:00,9:30 – 5:00,9:30 – 6:00,Closed,Closed,9:00 – 5:00,9:00 – 5:00,9:00 – 5:00,9:00 – 5:00,9:00 – 6:00,,,,,,https://www.columbiabank.com/locations/stayton,
Tigard Branch,Branch & ATM,1154,11675 SW Pacific Hwy,45.43781083,-122.7553583,,Tigard,OR,97223,US,Willamette,,,,,(503) 598-7482,(503) 598-8562,,x,x,x,,x,x,,,,,,,,,Pacific Daylight Time,9:00 – 5:00,9:00 – 5:00,9:00 – 5:00,9:00 – 5:00,9:00 – 5:30,Closed,Closed,9:00 – 5:00,9:00 – 5:00,9:00 – 5:00,9:00 – 5:00,9:00 – 5:30,,,,,,https://www.columbiabank.com/locations/tigard,
Tualatin-Sherwood Branch,Branch & ATM,1155,8805 SW Tualatin-Sherwood Rd,45.38122,-122.7659457,,Tualatin,OR,97062,US,Willamette,,,,,(503) 691-9929,(503) 692-0586,,x,x,x,,x,x,,,,,,,,,Pacific Daylight Time,9:00 – 5:00,9:00 – 5:00,9:00 – 5:00,9:00 – 5:00,9:00 – 6:00,Closed,Closed,9:00 – 5:00,9:00 – 5:00,9:00 – 5:00,9:00 – 5:00,9:00 – 6:00,,,,,,https://www.columbiabank.com/locations/tualatin-sherwood,
Waldport Branch,Branch & ATM,1156,425 NW Hemlock,44.4269298,-124.0654596,,Waldport,OR,97394,US,Willamette,PO BOX 470,Waldport,OR,97394,(541) 563-3273,(541) 563-3909,,x,x,x,,x,x,,,,,,,,,Pacific Daylight Time,9:00 – 5:00,9:00 – 5:00,9:00 – 5:00,9:00 – 5:00,9:00 – 6:00,Closed,Closed,8:00 – 5:00,8:00 – 5:00,8:00 – 5:00,8:00 – 5:00,8:00 – 6:00,,,,,,https://www.columbiabank.com/locations/waldport,
Wilsonville Branch,Branch & ATM,1159,29702 SW Town Center Loop W,45.30513431,-122.7669451,Suite A,Wilsonville,OR,97070,US,Willamette,,,,,(503) 682-9818,(503) 682-9828,,x,x,x,,x,x,,,,,,,,,Pacific Daylight Time,9:00 – 5:00,9:00 – 5:00,9:00 – 5:00,9:00 – 5:00,9:00 – 6:00,Closed,Closed,9:00 – 5:00,9:00 – 5:00,9:00 – 5:00,9:00 – 5:00,9:00 – 6:00,,,,,,https://www.columbiabank.com/locations/wilsonville,
Woodburn East Branch,Branch & ATM,1158,1755 Mt Hood Ave,45.15127,-122.83177,Suite 120,Woodburn,OR,97071,US,Willamette,,,,,(503) 981-8365,(503) 981-8458,,x,x,x,,x,x,,,,,,,,,Pacific Daylight Time,9:00 – 5:00,9:00 – 5:00,9:00 – 5:00,9:00 – 5:00,9:00 – 6:00,Closed,Closed,9:00 – 5:00,9:00 – 5:00,9:00 – 5:00,9:00 – 5:00,9:00 – 6:00,,,,,,https://www.columbiabank.com/locations/woodburn-east,
Woodburn West Branch,Branch & ATM,1135,1133 Evergreen Road,45.1509343,-122.8735513,,Woodburn,OR,97071,US,Willamette,PO BOX 8,Woodburn,Oregon,97071,(503) 981-0100,(503) 981-8343,,x,x,x,,x,x,,,,,,,,,Pacific Daylight Time,9:00 – 5:00,9:00 – 5:00,9:00 – 5:00,9:00 – 5:00,9:00 – 6:00,Closed,Closed,9:00 – 5:00,9:00 – 5:00,9:00 – 5:00,9:00 – 5:00,9:00 – 6:00,,,,,,https://www.columbiabank.com/locations/woodburn-west,
Wall Street Branch,Branch & ATM,1076,1133 NW Wall St,44.06082224,-121.3121049,Suite 102,Bend,OR,97703,US,Columbia,,,,,(541) 322-4401,(541) 322-4444,wallstreet@columbiabank.com,x,x,x,,x,x,x,,,,,,,x,Pacific Daylight Time,9:30 – 5:00,9:30 – 5:00,9:30 – 5:00,9:30 – 5:00,9:30 – 5:00,Closed,Closed,8:30 – 5:30,8:30 – 5:30,8:30 – 5:30,8:30 – 5:30,8:30 – 5:30,,,,https://www.columbiabank.com/upload/branches/bend_wall_st.png,,https://www.columbiabank.com/locations/wall-street,
