{
  "IcoMoonType": "selection",
  "icons": [
    {
      "icon": {
        "paths": [
          "M406 598c106 0 192-86 192-192s-86-192-192-192-192 86-192 192 86 192 192 192zM662 598l212 212-64 64-212-212v-34l-12-12c-48 42-112 66-180 66-154 0-278-122-278-276s124-278 278-278 276 124 276 278c0 68-24 132-66 180l12 12h34z"
        ],
        "attrs": [
          {}
        ],
        "isMulticolor": false,
        "isMulticolor2": false,
        "tags": [
          "search"
        ],
        "grid": 24
      },
      "attrs": [
        {}
      ],
      "properties": {
        "order": 1,
        "id": 0,
        "prevSize": 24,
        "code": 59648,
        "name": "search"
      },
      "setIdx": 0,
      "setId": 3,
      "iconIdx": 0
    },
    {
      "icon": {
        "paths": [
          "M925.867 866.133l-157.867-157.867c51.2-64 85.333-149.333 85.333-238.933 0-213.333-170.667-384-384-384s-384 170.667-384 384c0 213.333 170.667 384 384 384 89.6 0 174.933-29.867 238.933-85.333l157.867 157.867c8.533 8.533 21.333 12.8 29.867 12.8s21.333-4.267 29.867-12.8c17.067-17.067 17.067-42.667 0-59.733zM170.667 469.333c0-166.4 132.267-298.667 298.667-298.667s298.667 132.267 298.667 298.667c0 81.067-34.133 157.867-85.333 209.067 0 0 0 0 0 0s0 0 0 0c-55.467 55.467-128 85.333-209.067 85.333-170.667 4.267-302.933-128-302.933-294.4z"
        ],
        "attrs": [
          {}
        ],
        "isMulticolor": false,
        "isMulticolor2": false,
        "tags": [
          "search"
        ],
        "grid": 24
      },
      "attrs": [
        {}
      ],
      "properties": {
        "order": 1,
        "id": 9,
        "prevSize": 24,
        "code": 59649,
        "name": "search-lg"
      },
      "setIdx": 2,
      "setId": 1,
      "iconIdx": 0
    },
    {
      "icon": {
        "paths": [
          "M840.533 482.133l-298.667-298.667c-4.267-4.267-8.533-8.533-12.8-8.533-8.533-4.267-21.333-4.267-34.133 0-4.267 4.267-8.533 4.267-12.8 8.533l-298.667 298.667c-17.067 17.067-17.067 42.667 0 59.733s42.667 17.067 59.733 0l226.133-226.133v494.933c0 25.6 17.067 42.667 42.667 42.667s42.667-17.067 42.667-42.667v-494.933l226.133 226.133c8.533 8.533 21.333 12.8 29.867 12.8s21.333-4.267 29.867-12.8c17.067-17.067 17.067-42.667 0-59.733z"
        ],
        "attrs": [
          {}
        ],
        "isMulticolor": false,
        "isMulticolor2": false,
        "tags": [
          "arrow-up"
        ],
        "grid": 24
      },
      "attrs": [
        {}
      ],
      "properties": {
        "order": 1,
        "id": 8,
        "name": "up-arrow",
        "prevSize": 24,
        "code": 59650
      },
      "setIdx": 2,
      "setId": 1,
      "iconIdx": 1
    },
    {
      "icon": {
        "paths": [
          "M797.867 610.133l-256-256c-17.067-17.067-42.667-17.067-59.733 0l-256 256c-17.067 17.067-17.067 42.667 0 59.733s42.667 17.067 59.733 0l226.133-226.133 226.133 226.133c8.533 8.533 21.333 12.8 29.867 12.8s21.333-4.267 29.867-12.8c17.067-17.067 17.067-42.667 0-59.733z"
        ],
        "attrs": [
          {}
        ],
        "isMulticolor": false,
        "isMulticolor2": false,
        "tags": [
          "chevron-up"
        ],
        "grid": 24
      },
      "attrs": [
        {}
      ],
      "properties": {
        "order": 2,
        "id": 7,
        "name": "up-chev",
        "prevSize": 24,
        "code": 59651
      },
      "setIdx": 2,
      "setId": 1,
      "iconIdx": 2
    },
    {
      "icon": {
        "paths": [
          "M840.533 482.133c-17.067-17.067-42.667-17.067-59.733 0l-226.133 226.133v-494.933c0-25.6-17.067-42.667-42.667-42.667s-42.667 17.067-42.667 42.667v494.933l-226.133-226.133c-17.067-17.067-42.667-17.067-59.733 0s-17.067 42.667 0 59.733l298.667 298.667c4.267 4.267 8.533 8.533 12.8 8.533 4.267 4.267 12.8 4.267 17.067 4.267s12.8 0 17.067-4.267c4.267-4.267 8.533-4.267 12.8-8.533l298.667-298.667c17.067-17.067 17.067-42.667 0-59.733z"
        ],
        "attrs": [
          {}
        ],
        "isMulticolor": false,
        "isMulticolor2": false,
        "tags": [
          "arrow-down"
        ],
        "grid": 24
      },
      "attrs": [
        {}
      ],
      "properties": {
        "order": 1,
        "id": 6,
        "name": "down-arrow",
        "prevSize": 24,
        "code": 59652
      },
      "setIdx": 2,
      "setId": 1,
      "iconIdx": 3
    },
    {
      "icon": {
        "paths": [
          "M797.867 354.133c-17.067-17.067-42.667-17.067-59.733 0l-226.133 226.133-226.133-226.133c-17.067-17.067-42.667-17.067-59.733 0s-17.067 42.667 0 59.733l256 256c8.533 8.533 21.333 12.8 29.867 12.8s21.333-4.267 29.867-12.8l256-256c17.067-17.067 17.067-42.667 0-59.733z"
        ],
        "attrs": [
          {}
        ],
        "isMulticolor": false,
        "isMulticolor2": false,
        "tags": [
          "chevron-down"
        ],
        "grid": 24
      },
      "attrs": [
        {}
      ],
      "properties": {
        "order": 2,
        "id": 5,
        "name": "down-chev",
        "prevSize": 24,
        "code": 59653
      },
      "setIdx": 2,
      "setId": 1,
      "iconIdx": 4
    },
    {
      "icon": {
        "paths": [
          "M810.667 469.333h-494.933l226.133-226.133c17.067-17.067 17.067-42.667 0-59.733s-42.667-17.067-59.733 0l-298.667 298.667c-4.267 4.267-8.533 8.533-8.533 12.8-4.267 8.533-4.267 21.333 0 34.133 4.267 4.267 4.267 8.533 8.533 12.8l298.667 298.667c8.533 8.533 21.333 12.8 29.867 12.8s21.333-4.267 29.867-12.8c17.067-17.067 17.067-42.667 0-59.733l-226.133-226.133h494.933c25.6 0 42.667-17.067 42.667-42.667s-17.067-42.667-42.667-42.667z"
        ],
        "attrs": [
          {}
        ],
        "isMulticolor": false,
        "isMulticolor2": false,
        "tags": [
          "arrow-left"
        ],
        "grid": 24
      },
      "attrs": [
        {}
      ],
      "properties": {
        "order": 1,
        "id": 4,
        "name": "left-arrow",
        "prevSize": 24,
        "code": 59654
      },
      "setIdx": 2,
      "setId": 1,
      "iconIdx": 5
    },
    {
      "icon": {
        "paths": [
          "M443.733 512l226.133-226.133c17.067-17.067 17.067-42.667 0-59.733s-42.667-17.067-59.733 0l-256 256c-17.067 17.067-17.067 42.667 0 59.733l256 256c8.533 8.533 21.333 12.8 29.867 12.8s21.333-4.267 29.867-12.8c17.067-17.067 17.067-42.667 0-59.733l-226.133-226.133z"
        ],
        "attrs": [
          {}
        ],
        "isMulticolor": false,
        "isMulticolor2": false,
        "tags": [
          "chevron-left"
        ],
        "grid": 24
      },
      "attrs": [
        {}
      ],
      "properties": {
        "order": 2,
        "id": 3,
        "name": "left-chev",
        "prevSize": 24,
        "code": 59655
      },
      "setIdx": 2,
      "setId": 1,
      "iconIdx": 6
    },
    {
      "icon": {
        "paths": [
          "M763.733 281.6c-4.267-8.533-12.8-17.067-21.333-21.333-4.267-4.267-12.8-4.267-17.067-4.267h-426.667c-25.6 0-42.667 17.067-42.667 42.667s17.067 42.667 42.667 42.667h324.267l-354.133 354.133c-17.067 17.067-17.067 42.667 0 59.733 8.533 8.533 17.067 12.8 29.867 12.8s21.333-4.267 29.867-12.8l354.133-354.133v324.267c0 25.6 17.067 42.667 42.667 42.667s42.667-17.067 42.667-42.667v-426.667c0-4.267 0-12.8-4.267-17.067z"
        ],
        "attrs": [
          {}
        ],
        "isMulticolor": false,
        "isMulticolor2": false,
        "tags": [
          "arrow-up-right"
        ],
        "grid": 24
      },
      "attrs": [
        {}
      ],
      "properties": {
        "order": 1,
        "id": 2,
        "name": "up-right-arrow",
        "prevSize": 24,
        "code": 59656
      },
      "setIdx": 2,
      "setId": 1,
      "iconIdx": 7
    },
    {
      "icon": {
        "paths": [
          "M849.067 529.067c4.267-8.533 4.267-21.333 0-34.133-4.267-4.267-4.267-8.533-8.533-12.8l-298.667-298.667c-17.067-17.067-42.667-17.067-59.733 0s-17.067 42.667 0 59.733l226.133 226.133h-494.933c-25.6 0-42.667 17.067-42.667 42.667s17.067 42.667 42.667 42.667h494.933l-226.133 226.133c-17.067 17.067-17.067 42.667 0 59.733 8.533 8.533 21.333 12.8 29.867 12.8s21.333-4.267 29.867-12.8l298.667-298.667c4.267-4.267 8.533-8.533 8.533-12.8z"
        ],
        "attrs": [
          {}
        ],
        "isMulticolor": false,
        "isMulticolor2": false,
        "tags": [
          "arrow-right"
        ],
        "grid": 24
      },
      "attrs": [
        {}
      ],
      "properties": {
        "order": 2,
        "id": 1,
        "name": "right-arrow",
        "prevSize": 24,
        "code": 59657
      },
      "setIdx": 2,
      "setId": 1,
      "iconIdx": 8
    },
    {
      "icon": {
        "paths": [
          "M669.867 482.133l-256-256c-17.067-17.067-42.667-17.067-59.733 0s-17.067 42.667 0 59.733l226.133 226.133-226.133 226.133c-17.067 17.067-17.067 42.667 0 59.733 8.533 8.533 17.067 12.8 29.867 12.8s21.333-4.267 29.867-12.8l256-256c17.067-17.067 17.067-42.667 0-59.733z"
        ],
        "attrs": [
          {}
        ],
        "isMulticolor": false,
        "isMulticolor2": false,
        "tags": [
          "chevron-right"
        ],
        "grid": 24
      },
      "attrs": [
        {}
      ],
      "properties": {
        "order": 3,
        "id": 0,
        "name": "right-chev",
        "prevSize": 24,
        "code": 59658
      },
      "setIdx": 2,
      "setId": 1,
      "iconIdx": 9
    },
    {
      "icon": {
        "paths": [
          "M836.773 468.135c-16.315 0-32.078 2.311-47.177 6.259l-97.024-249.986h122.162c11.877 0 21.503-9.63 21.503-21.503 0-11.877-9.628-21.503-21.503-21.503h-150.522c-0.461 0-6.698 0-10.823 1.46-11.204 3.96-16.566 16.758-12.263 27.826l28.274 72.846h-270.84l-10.447-32.937h42.923c11.875 0 21.505-9.628 21.505-21.503s-9.63-21.503-21.505-21.503h-144.614c-11.875 0-21.503 9.628-21.503 21.503s9.628 21.503 21.503 21.503h56.573l19.508 61.498-100.219 171.865c-23.005-10.11-48.361-15.825-75.053-15.825-103.243 0-187.231 83.988-187.231 187.233s83.988 187.231 187.231 187.231c95.957 0 175.177-72.595 185.887-165.728h37.231c9.145 28.767 36.089 49.673 67.849 49.673 39.246 0 71.179-31.927 71.179-71.175 0-18.53-7.182-35.382-18.835-48.068l159.026-271.795 59.909 154.356c-59.359 31.439-99.928 93.794-99.928 165.508 0 103.245 83.992 187.231 187.225 187.231 103.241 0 187.227-83.988 187.227-187.231 0-103.241-83.982-187.233-187.227-187.233zM380.047 367.391l70.538 222.375c-19.067 8.053-33.914 24.198-40.235 44.101h-37.231c-6.017-52.3-33.694-97.976-73.771-128.086l80.699-138.389zM329.659 633.865h-104.995l52.907-90.753c27.509 22.19 46.598 54.255 52.088 90.753zM187.233 799.592c-79.525 0-144.223-64.702-144.223-144.225 0-79.527 64.698-144.225 144.223-144.225 18.795 0 36.718 3.727 53.202 10.301l-71.776 123.089c-3.884 6.657-3.906 14.871-0.074 21.549 3.833 6.678 10.942 10.793 18.649 10.793h142.429c-10.437 69.337-70.232 122.719-142.429 122.719zM478.201 683.535c-15.54 0-28.182-12.64-28.182-28.168 0-15.518 12.62-28.142 28.14-28.17 0.010 0 0.022 0.012 0.032 0.012 0.020 0 0.032-0.012 0.042-0.012 15.52 0.024 28.14 12.652 28.14 28.17-0.002 15.53-12.644 28.168-28.172 28.168zM494.043 584.536l-81.845-257.997h232.789l-150.945 257.997zM836.773 799.592c-79.523 0-144.213-64.702-144.213-144.225 0-53.46 29.304-100.113 72.627-125.030l51.541 132.811c3.309 8.518 11.434 13.734 20.057 13.734 2.582 0 5.215-0.473 7.769-1.47 11.078-4.296 16.566-16.756 12.263-27.826l-51.561-132.861c10.162-2.281 20.681-3.583 31.517-3.583 79.523 0 144.225 64.698 144.225 144.225 0 79.523-64.702 144.225-144.225 144.225z"
        ],
        "attrs": [
          {}
        ],
        "isMulticolor": false,
        "isMulticolor2": false,
        "grid": 0,
        "tags": [
          "bicycle-side-view"
        ]
      },
      "attrs": [
        {}
      ],
      "properties": {
        "order": 27,
        "id": 6,
        "name": "bicycle",
        "prevSize": 32,
        "code": 59659
      },
      "setIdx": 1,
      "setId": 2,
      "iconIdx": 0
    },
    {
      "icon": {
        "paths": [
          "M998.198 486.199h-79.146c-12.547-85.179-85.927-150.86-174.547-150.86-82.951 0-152.546 57.568-171.424 134.787l-48.075-28.068c-8.038-4.686-17.978-4.686-26.014 0l-48.077 28.068c-18.877-77.22-88.471-134.787-171.422-134.787-88.621 0-161.999 65.681-174.547 150.86h-79.148c-14.246 0-25.796 11.566-25.796 25.798 0 14.26 11.55 25.798 25.798 25.798h79.148c12.553 85.185 85.925 150.868 174.547 150.868 92.255 0 168.096-71.124 175.873-161.398l56.634-33.058 56.632 33.058c7.778 90.276 83.617 161.398 175.872 161.398 88.619 0 161.992-65.683 174.547-150.868h79.146c14.25 0 25.802-11.539 25.802-25.798 0-14.233-11.552-25.798-25.802-25.798zM279.495 637.066c-68.958 0-125.052-56.112-125.052-125.069 0-68.956 56.094-125.064 125.052-125.064s125.052 56.106 125.052 125.064c-0 68.958-56.094 125.069-125.052 125.069zM744.505 637.066c-68.954 0-125.052-56.112-125.052-125.069 0-68.956 56.098-125.064 125.052-125.064 68.962 0 125.056 56.106 125.056 125.064-0.004 68.958-56.098 125.069-125.056 125.069z"
        ],
        "attrs": [
          {}
        ],
        "isMulticolor": false,
        "isMulticolor2": false,
        "grid": 0,
        "tags": [
          "rounded-glasses"
        ]
      },
      "attrs": [
        {}
      ],
      "properties": {
        "order": 28,
        "id": 5,
        "name": "glasses",
        "prevSize": 32,
        "code": 59660
      },
      "setIdx": 1,
      "setId": 2,
      "iconIdx": 1
    },
    {
      "icon": {
        "paths": [
          "M1014.062 294.604l-240.829-171.169c-4.546-3.227-9.962-4.84-15.348-4.848-5.345-0.008-10.73 1.586-15.256 4.755l-232.134 162.723-225.503-162.535c-4.591-3.323-10.093-4.957-15.556-4.942-5.312 0.016-10.671 1.596-15.178 4.755l-244.189 171.167c-6.312 4.416-10.068 11.642-10.068 19.349v567.918c0 8.819 4.902 16.895 12.728 20.97 3.426 1.786 7.17 2.666 10.903 2.666 4.765 0 9.513-1.443 13.563-4.287l232.132-162.721 225.506 162.533c4.101 2.97 8.948 4.471 13.816 4.471 0.567 0 2.793 0 3.354 0 4.767 0 9.515-1.443 13.565-4.287l232.212-162.778 228.902 162.688c4.079 2.899 8.87 4.373 13.688 4.373 3.705 0 7.423-0.866 10.84-2.636 7.853-4.062 12.79-12.157 12.79-21.004v-567.912c0.008-7.643-3.697-14.823-9.936-19.251zM244.185 698.323l-196.923 138.026v-510.198l196.921-138.032 0.002 510.203zM485.019 835.614l-190.219-137.093v-509.66l190.219 137.093v509.66zM732.556 698.323l-196.923 138.026v-510.198l196.923-138.032v510.203zM976.741 835.992l-193.571-137.575v-509.937l193.571 137.577v509.935z"
        ],
        "attrs": [
          {}
        ],
        "isMulticolor": false,
        "isMulticolor2": false,
        "grid": 0,
        "tags": [
          "unfolded-map"
        ]
      },
      "attrs": [
        {}
      ],
      "properties": {
        "order": 29,
        "id": 4,
        "name": "map",
        "prevSize": 32,
        "code": 59661
      },
      "setIdx": 1,
      "setId": 2,
      "iconIdx": 2
    },
    {
      "icon": {
        "paths": [
          "M1017.759 295.897c-3.941-3.104-9.084-4.209-13.966-3.072l-326.575 78.149-57.038-13.66c21.998-46.623 39.78-92.832 39.78-120.405 0-74.542-60.647-135.194-135.192-135.194-74.546 0-135.196 60.651-135.196 135.194 0 17.305 7.023 41.968 17.678 69.452 0 0-56.791-14.375-60.283-14.185-2.772 0.148-334.394 79.709-334.394 79.709-7.374 1.769-12.574 8.361-12.574 15.937v518.071c0 5.019 2.296 9.763 6.237 12.872 2.918 2.304 6.505 3.518 10.15 3.518 1.273 0 2.553-0.154 3.812-0.448l326.605-78.161 326.605 78.161c1.26 0.3 2.539 0.448 3.814 0.448 1.273 0 2.551-0.154 3.814-0.448l330.388-79.065c7.374-1.769 12.576-8.363 12.576-15.937v-518.069c-0.004-5.015-2.304-9.761-6.241-12.867zM524.768 134.495c56.473 0 102.419 45.944 102.419 102.419 0 43.914-64.674 164.935-102.419 230.243-37.751-65.3-102.421-186.315-102.421-230.243 0-56.477 45.944-102.419 102.421-102.419zM330.386 813.908l-297.614 71.219v-484.368l297.614-71.219v484.368zM363.215 329.539l59.924 14.337c33.060 72.816 79.726 150.973 87.596 164.015 2.965 4.912 8.29 7.919 14.033 7.919 5.741 0 11.066-3.007 14.029-7.919 6.302-10.448 37.474-62.635 66.627-120.391l55.411 13.259v484.37l-297.616-71.219-0.004-484.37zM991.219 813.908l-297.614 71.219v-484.368l297.614-71.219v484.368z",
          "M602.613 236.914c0-42.929-34.921-77.845-77.845-77.845-42.927 0-77.847 34.916-77.847 77.845s34.921 77.847 77.847 77.847c42.921 0 77.845-34.918 77.845-77.847zM479.696 236.914c0-24.853 20.219-45.073 45.073-45.073s45.071 20.221 45.071 45.073c0 24.851-20.221 45.073-45.071 45.073-24.856-0-45.073-20.221-45.073-45.073z"
        ],
        "attrs": [
          {},
          {}
        ],
        "isMulticolor": false,
        "isMulticolor2": false,
        "grid": 0,
        "tags": [
          "map"
        ]
      },
      "attrs": [
        {},
        {}
      ],
      "properties": {
        "order": 33,
        "id": 3,
        "name": "map-gps",
        "prevSize": 32,
        "code": 59662
      },
      "setIdx": 1,
      "setId": 2,
      "iconIdx": 3
    },
    {
      "icon": {
        "paths": [
          "M511.999 298.688c-117.621 0-213.331 95.693-213.331 213.313 0 117.641 95.71 213.334 213.331 213.334 117.623 0 213.331-95.693 213.331-213.334 0-117.623-95.71-213.313-213.331-213.313zM511.999 654.545c-78.598 0-142.544-63.951-142.544-142.544 0-78.58 63.946-142.526 142.544-142.526s142.544 63.946 142.544 142.526c0 78.593-63.946 142.544-142.544 142.544z",
          "M511.999 248.724c19.549 0 35.395-15.848 35.395-35.392v-177.936c0-19.547-15.846-35.392-35.395-35.392-19.547 0-35.392 15.846-35.392 35.392v177.936c-0.003 19.544 15.843 35.392 35.392 35.392z",
          "M723.185 336.225c9.057 0 18.131-3.456 25.041-10.369l125.815-125.833c13.81-13.822 13.81-36.24-0.020-50.047-13.822-13.825-36.22-13.825-50.047 0l-125.815 125.83c-13.825 13.825-13.825 36.24 0 50.050 6.912 6.912 15.969 10.369 25.026 10.369z",
          "M988.602 476.606l-177.936 0.018c-19.562 0-35.39 15.846-35.39 35.392s15.848 35.392 35.39 35.392l177.936-0.018c19.547 0 35.398-15.843 35.398-35.392 0-19.547-15.851-35.392-35.398-35.392z",
          "M748.192 698.182c-13.825-13.822-36.22-13.822-50.047 0s-13.825 36.24 0 50.050l125.83 125.812c6.912 6.912 15.969 10.366 25.026 10.366s18.129-3.454 25.041-10.366c13.81-13.822 13.81-36.24-0.020-50.047l-125.83-125.815z",
          "M511.963 775.274c-19.547 0-35.375 15.848-35.375 35.39l0.018 177.936c0 19.547 15.846 35.398 35.41 35.398 19.547 0 35.377-15.851 35.377-35.398l-0.020-177.936c0-19.539-15.848-35.39-35.41-35.39z",
          "M275.75 698.162l-125.795 125.835c-13.81 13.822-13.81 36.24 0.018 50.047 6.912 6.912 15.967 10.366 25.024 10.366s18.114-3.454 25.024-10.366l125.797-125.83c13.825-13.822 13.825-36.238 0-50.053-13.828-13.825-36.243-13.825-50.068-0z",
          "M248.721 512.001c0-19.547-15.848-35.392-35.392-35.392h-177.936c-19.547-0-35.392 15.846-35.392 35.392 0 19.549 15.846 35.395 35.392 35.395h177.936c19.544-0.005 35.392-15.848 35.392-35.395z",
          "M275.786 325.821c6.912 6.912 15.969 10.369 25.026 10.369 9.054 0 18.111-3.456 25.024-10.369 13.825-13.825 13.825-36.24 0-50.050l-125.815-125.795c-13.822-13.825-36.24-13.825-50.065 0-13.81 13.822-13.81 36.24 0.018 50.047l125.812 125.797z"
        ],
        "attrs": [
          {},
          {},
          {},
          {},
          {},
          {},
          {},
          {},
          {}
        ],
        "isMulticolor": false,
        "isMulticolor2": false,
        "grid": 0,
        "tags": [
          "shine"
        ]
      },
      "attrs": [
        {},
        {},
        {},
        {},
        {},
        {},
        {},
        {},
        {}
      ],
      "properties": {
        "order": 30,
        "id": 2,
        "name": "shine",
        "prevSize": 32,
        "code": 59663
      },
      "setIdx": 1,
      "setId": 2,
      "iconIdx": 4
    },
    {
      "icon": {
        "paths": [
          "M902.177 310.724c-1.582-0.99-3.258-1.751-4.995-2.29-0.367-0.171-0.723-0.358-1.105-0.51l-364.535-146.317v-142.054c0-10.798-8.75-19.553-19.551-19.553-10.796 0-19.551 8.755-19.551 19.553v143.36l-367.633 192.152c-0.331 0.171-0.637 0.372-0.953 0.561-1.017 0.49-2.009 1.036-2.949 1.693-5.688 3.986-9.071 10.492-9.071 17.434v490.367c0 8.958 5.605 16.956 14.024 20.013l378.872 137.586c0.367 0.132 0.742 0.238 1.115 0.35 0.159 0.051 0.314 0.103 0.473 0.152 0.816 0.228 1.641 0.392 2.472 0.524 0.203 0.032 0.404 0.051 0.608 0.081 0.867 0.105 1.734 0.176 2.602 0.176 0.963 0 1.923-0.088 2.878-0.218 0.287-0.042 0.566-0.096 0.852-0.147 0.703-0.13 1.394-0.287 2.090-0.483 0.277-0.078 0.556-0.149 0.828-0.238 0.894-0.296 1.781-0.634 2.641-1.053l0.091-0.047c0.005-0.002 0.010-0.005 0.015-0.005l378.765-183.534c7.344-3.554 12.008-10.999 12.008-19.156v-490.367c-0.005-7.324-3.775-14.142-9.99-18.032zM490.708 972.32l-336.285-122.119v-445.056l336.285 122.121v445.054zM510.812 489.263l-325.007-118.033 306.633-160.267v173.956l-87.185-87.185c-3.812-3.819-8.821-5.727-13.823-5.727s-10.009 1.908-13.826 5.727c-7.64 7.638-7.64 20.011 0 27.649l120.561 120.561c7.638 7.638 20.011 7.638 27.649 0l120.583-120.561c7.64-7.626 7.64-20.011 0.005-27.649-7.64-7.636-20.018-7.636-27.654 0l-87.207 87.187v-177.422l306.696 123.106-327.425 158.658zM869.58 805.787l-336.288 162.947v-443.050l336.288-162.95v443.053z"
        ],
        "attrs": [
          {}
        ],
        "isMulticolor": false,
        "isMulticolor2": false,
        "grid": 0,
        "tags": [
          "keep"
        ]
      },
      "attrs": [
        {}
      ],
      "properties": {
        "order": 32,
        "id": 1,
        "name": "keep",
        "prevSize": 32,
        "code": 59664
      },
      "setIdx": 1,
      "setId": 2,
      "iconIdx": 5
    },
    {
      "icon": {
        "paths": [
          "M674.449 671.478c59.604-59.602 92.429-138.85 92.429-223.148s-32.825-163.542-92.429-223.148c-59.599-59.607-138.855-92.424-223.148-92.424-84.296 0-163.549 32.818-223.148 92.424-123.044 123.044-123.044 323.252 0 446.296 59.599 59.607 138.852 92.435 223.148 92.435s163.549-32.828 223.148-92.435zM318.828 685.038c93.782-8.353 179.499-49.625 244.698-111.607l72.959 72.959c-50.413 47.2-115.791 73.151-185.185 73.151-47.16 0.005-92.452-12.025-132.473-34.504zM491.914 439.094l152.046-152.051c-0.235 1.287-0.401 2.607-0.401 3.962 0 81.931-30.562 158.345-80.851 218.87l-70.794-70.781zM532.321 542.229c-64.013 60.46-150.123 98.62-243.534 99.985l171.759-171.759 71.776 71.773zM460.545 407.727l-70.408-70.415c61.111-49.196 138.421-79.428 221.457-80.639l-151.049 151.054zM429.178 439.094l-172.755 172.75c0.232-1.295 0.401-2.612 0.401-3.962 0-92.099 38.62-177.225 100.498-240.642l71.857 71.854zM666.358 613.532l-72.286-72.28c53.477-63.039 87.715-141.893 93.045-226.974 23.054 40.414 35.392 86.274 35.392 134.050 0.005 60.563-19.768 118.045-56.152 165.205zM586.953 213.422c-85.658 6.453-164.859 40.343-228.158 92.553l-72.694-72.704c47.165-36.381 104.647-56.157 165.2-56.147 48.417-0.008 94.857 12.649 135.652 36.298zM253.407 263.32l72.727 72.722c-63.402 64.793-105.124 149.883-112.407 242.767-55.087-100.43-41.8-228.375 39.68-315.489z",
          "M888.131 436.827c0-240.867-195.961-436.827-436.83-436.827-12.25 0-22.183 9.933-22.183 22.181s9.933 22.186 22.183 22.186c216.405 0 392.466 176.061 392.466 392.461s-176.061 392.466-392.466 392.466c-12.25 0-22.183 9.936-22.183 22.186v128.155h-111.963c-12.25 0-22.183 9.936-22.183 22.181 0 12.252 9.933 22.186 22.183 22.186h268.294c12.25 0 22.183-9.933 22.183-22.186 0-12.25-9.933-22.181-22.183-22.181h-111.963v-106.537c230.598-11.594 414.644-202.84 414.644-436.27z"
        ],
        "attrs": [
          {},
          {}
        ],
        "isMulticolor": false,
        "isMulticolor2": false,
        "grid": 0,
        "tags": [
          "globe"
        ]
      },
      "attrs": [
        {},
        {}
      ],
      "properties": {
        "order": 31,
        "id": 0,
        "name": "globe",
        "prevSize": 32,
        "code": 59665
      },
      "setIdx": 1,
      "setId": 2,
      "iconIdx": 6
    },
    {
      "icon": {
        "paths": [
          "M829.143 73.143c26.857 0 48.571 21.714 48.571 48.571v780.571c0 26.857-21.714 48.571-48.571 48.571h-223.429v-340h113.714l17.143-132.571h-130.857v-84.571c0-38.286 10.286-64 65.714-64l69.714-0.571v-118.286c-12-1.714-53.714-5.143-101.714-5.143-101.143 0-170.857 61.714-170.857 174.857v97.714h-114.286v132.571h114.286v340h-420c-26.857 0-48.571-21.714-48.571-48.571v-780.571c0-26.857 21.714-48.571 48.571-48.571h780.571z"
        ],
        "attrs": [
          {}
        ],
        "width": 878,
        "isMulticolor": false,
        "isMulticolor2": false,
        "tags": [
          "facebook-official"
        ],
        "grid": 14
      },
      "attrs": [
        {}
      ],
      "properties": {
        "order": 1,
        "id": 13,
        "name": "facebook-sq-alt",
        "prevSize": 28,
        "code": 59666
      },
      "setIdx": 3,
      "setId": 0,
      "iconIdx": 0
    },
    {
      "icon": {
        "paths": [
          "M713.143 73.143c90.857 0 164.571 73.714 164.571 164.571v548.571c0 90.857-73.714 164.571-164.571 164.571h-107.429v-340h113.714l17.143-132.571h-130.857v-84.571c0-38.286 10.286-64 65.714-64l69.714-0.571v-118.286c-12-1.714-53.714-5.143-101.714-5.143-101.143 0-170.857 61.714-170.857 174.857v97.714h-114.286v132.571h114.286v340h-304c-90.857 0-164.571-73.714-164.571-164.571v-548.571c0-90.857 73.714-164.571 164.571-164.571h548.571z"
        ],
        "attrs": [
          {}
        ],
        "width": 878,
        "isMulticolor": false,
        "isMulticolor2": false,
        "tags": [
          "facebook-square"
        ],
        "grid": 14
      },
      "attrs": [
        {}
      ],
      "properties": {
        "order": 2,
        "id": 12,
        "name": "facebook-sq",
        "prevSize": 28,
        "code": 59667
      },
      "setIdx": 3,
      "setId": 0,
      "iconIdx": 1
    },
    {
      "icon": {
        "paths": [
          "M548 6.857v150.857h-89.714c-70.286 0-83.429 33.714-83.429 82.286v108h167.429l-22.286 169.143h-145.143v433.714h-174.857v-433.714h-145.714v-169.143h145.714v-124.571c0-144.571 88.571-223.429 217.714-223.429 61.714 0 114.857 4.571 130.286 6.857z"
        ],
        "attrs": [
          {}
        ],
        "width": 602,
        "isMulticolor": false,
        "isMulticolor2": false,
        "tags": [
          "facebook",
          "facebook-f"
        ],
        "grid": 14
      },
      "attrs": [
        {}
      ],
      "properties": {
        "order": 3,
        "id": 11,
        "name": "facebook",
        "prevSize": 28,
        "code": 59668
      },
      "setIdx": 3,
      "setId": 0,
      "iconIdx": 2
    },
    {
      "icon": {
        "paths": [
          "M731.429 348.571c-21.714 9.714-44.571 16-69.143 19.429 25.143-14.857 44-38.857 53.143-66.857-23.429 13.714-49.143 24-76.571 29.143-21.714-23.429-53.143-37.714-87.429-37.714-66.286 0-120 53.714-120 120 0 9.143 0.571 18.857 2.857 27.429-100-5.143-188.571-52.571-248-125.714-10.286 17.714-16.571 38.857-16.571 60.571 0 41.714 19.429 78.286 52 100-20-0.571-38.857-6.286-57.143-14.857v1.143c0 58.286 44 106.857 98.857 117.714-10.286 2.857-18.286 4.571-29.143 4.571-7.429 0-14.857-1.143-22.286-2.286 15.429 47.429 59.429 82.286 112 83.429-41.143 32-92.571 51.429-149.143 51.429-9.714 0-19.429-0.571-28.571-1.714 53.143 33.714 116 53.714 184 53.714 220.571 0 341.714-182.857 341.714-341.714 0-5.143 0-10.286-0.571-15.429 23.429-16.571 44-37.714 60-62.286zM877.714 237.714v548.571c0 90.857-73.714 164.571-164.571 164.571h-548.571c-90.857 0-164.571-73.714-164.571-164.571v-548.571c0-90.857 73.714-164.571 164.571-164.571h548.571c90.857 0 164.571 73.714 164.571 164.571z"
        ],
        "attrs": [
          {}
        ],
        "width": 878,
        "isMulticolor": false,
        "isMulticolor2": false,
        "tags": [
          "twitter-square"
        ],
        "grid": 14
      },
      "attrs": [
        {}
      ],
      "properties": {
        "order": 1,
        "id": 10,
        "name": "twitter-sq",
        "prevSize": 28,
        "code": 59669
      },
      "setIdx": 3,
      "setId": 0,
      "iconIdx": 3
    },
    {
      "icon": {
        "paths": [
          "M925.714 233.143c-25.143 36.571-56.571 69.143-92.571 95.429 0.571 8 0.571 16 0.571 24 0 244-185.714 525.143-525.143 525.143-104.571 0-201.714-30.286-283.429-82.857 14.857 1.714 29.143 2.286 44.571 2.286 86.286 0 165.714-29.143 229.143-78.857-81.143-1.714-149.143-54.857-172.571-128 11.429 1.714 22.857 2.857 34.857 2.857 16.571 0 33.143-2.286 48.571-6.286-84.571-17.143-148-91.429-148-181.143v-2.286c24.571 13.714 53.143 22.286 83.429 23.429-49.714-33.143-82.286-89.714-82.286-153.714 0-34.286 9.143-65.714 25.143-93.143 90.857 112 227.429 185.143 380.571 193.143-2.857-13.714-4.571-28-4.571-42.286 0-101.714 82.286-184.571 184.571-184.571 53.143 0 101.143 22.286 134.857 58.286 41.714-8 81.714-23.429 117.143-44.571-13.714 42.857-42.857 78.857-81.143 101.714 37.143-4 73.143-14.286 106.286-28.571z"
        ],
        "attrs": [
          {}
        ],
        "width": 951,
        "isMulticolor": false,
        "isMulticolor2": false,
        "tags": [
          "twitter"
        ],
        "grid": 14
      },
      "attrs": [
        {}
      ],
      "properties": {
        "order": 2,
        "id": 9,
        "name": "twitter",
        "prevSize": 28,
        "code": 59670
      },
      "setIdx": 3,
      "setId": 0,
      "iconIdx": 4
    },
    {
      "icon": {
        "paths": [
          "M585.143 512c0-80.571-65.714-146.286-146.286-146.286s-146.286 65.714-146.286 146.286 65.714 146.286 146.286 146.286 146.286-65.714 146.286-146.286zM664 512c0 124.571-100.571 225.143-225.143 225.143s-225.143-100.571-225.143-225.143 100.571-225.143 225.143-225.143 225.143 100.571 225.143 225.143zM725.714 277.714c0 29.143-23.429 52.571-52.571 52.571s-52.571-23.429-52.571-52.571 23.429-52.571 52.571-52.571 52.571 23.429 52.571 52.571zM438.857 152c-64 0-201.143-5.143-258.857 17.714-20 8-34.857 17.714-50.286 33.143s-25.143 30.286-33.143 50.286c-22.857 57.714-17.714 194.857-17.714 258.857s-5.143 201.143 17.714 258.857c8 20 17.714 34.857 33.143 50.286s30.286 25.143 50.286 33.143c57.714 22.857 194.857 17.714 258.857 17.714s201.143 5.143 258.857-17.714c20-8 34.857-17.714 50.286-33.143s25.143-30.286 33.143-50.286c22.857-57.714 17.714-194.857 17.714-258.857s5.143-201.143-17.714-258.857c-8-20-17.714-34.857-33.143-50.286s-30.286-25.143-50.286-33.143c-57.714-22.857-194.857-17.714-258.857-17.714zM877.714 512c0 60.571 0.571 120.571-2.857 181.143-3.429 70.286-19.429 132.571-70.857 184s-113.714 67.429-184 70.857c-60.571 3.429-120.571 2.857-181.143 2.857s-120.571 0.571-181.143-2.857c-70.286-3.429-132.571-19.429-184-70.857s-67.429-113.714-70.857-184c-3.429-60.571-2.857-120.571-2.857-181.143s-0.571-120.571 2.857-181.143c3.429-70.286 19.429-132.571 70.857-184s113.714-67.429 184-70.857c60.571-3.429 120.571-2.857 181.143-2.857s120.571-0.571 181.143 2.857c70.286 3.429 132.571 19.429 184 70.857s67.429 113.714 70.857 184c3.429 60.571 2.857 120.571 2.857 181.143z"
        ],
        "attrs": [
          {}
        ],
        "width": 878,
        "isMulticolor": false,
        "isMulticolor2": false,
        "tags": [
          "instagram"
        ],
        "grid": 14
      },
      "attrs": [
        {}
      ],
      "properties": {
        "order": 1,
        "id": 8,
        "name": "instagram",
        "prevSize": 28,
        "code": 59671
      },
      "setIdx": 3,
      "setId": 0,
      "iconIdx": 5
    },
    {
      "icon": {
        "paths": [
          "M135.429 808h132v-396.571h-132v396.571zM276 289.143c-0.571-38.857-28.571-68.571-73.714-68.571s-74.857 29.714-74.857 68.571c0 37.714 28.571 68.571 73.143 68.571h0.571c46.286 0 74.857-30.857 74.857-68.571zM610.286 808h132v-227.429c0-121.714-65.143-178.286-152-178.286-70.857 0-102.286 39.429-119.429 66.857h1.143v-57.714h-132s1.714 37.143 0 396.571v0h132v-221.714c0-11.429 0.571-23.429 4-32 9.714-23.429 31.429-48 68-48 47.429 0 66.286 36 66.286 89.714v212zM877.714 237.714v548.571c0 90.857-73.714 164.571-164.571 164.571h-548.571c-90.857 0-164.571-73.714-164.571-164.571v-548.571c0-90.857 73.714-164.571 164.571-164.571h548.571c90.857 0 164.571 73.714 164.571 164.571z"
        ],
        "attrs": [
          {}
        ],
        "width": 878,
        "isMulticolor": false,
        "isMulticolor2": false,
        "tags": [
          "linkedin-square"
        ],
        "grid": 14
      },
      "attrs": [
        {}
      ],
      "properties": {
        "order": 1,
        "id": 7,
        "name": "linkedin-sq",
        "prevSize": 28,
        "code": 59672
      },
      "setIdx": 3,
      "setId": 0,
      "iconIdx": 6
    },
    {
      "icon": {
        "paths": [
          "M199.429 357.143v566.286h-188.571v-566.286h188.571zM211.429 182.286c0.571 54.286-40.571 97.714-106.286 97.714v0h-1.143c-63.429 0-104-43.429-104-97.714 0-55.429 42.286-97.714 106.286-97.714 64.571 0 104.571 42.286 105.143 97.714zM877.714 598.857v324.571h-188v-302.857c0-76-27.429-128-95.429-128-52 0-82.857 34.857-96.571 68.571-4.571 12.571-6.286 29.143-6.286 46.286v316h-188c2.286-513.143 0-566.286 0-566.286h188v82.286h-1.143c24.571-38.857 69.143-95.429 170.857-95.429 124 0 216.571 81.143 216.571 254.857z"
        ],
        "attrs": [
          {}
        ],
        "width": 878,
        "isMulticolor": false,
        "isMulticolor2": false,
        "tags": [
          "linkedin"
        ],
        "grid": 14
      },
      "attrs": [
        {}
      ],
      "properties": {
        "order": 2,
        "id": 6,
        "name": "linkedin",
        "prevSize": 28,
        "code": 59673
      },
      "setIdx": 3,
      "setId": 0,
      "iconIdx": 7
    },
    {
      "icon": {
        "paths": [
          "M406.286 644.571l276.571-142.857-276.571-144.571v287.429zM512 152c215.429 0 358.286 10.286 358.286 10.286 20 2.286 64 2.286 102.857 43.429 0 0 31.429 30.857 40.571 101.714 10.857 82.857 10.286 165.714 10.286 165.714v77.714s0.571 82.857-10.286 165.714c-9.143 70.286-40.571 101.714-40.571 101.714-38.857 40.571-82.857 40.571-102.857 42.857 0 0-142.857 10.857-358.286 10.857v0c-266.286-2.286-348-10.286-348-10.286-22.857-4-74.286-2.857-113.143-43.429 0 0-31.429-31.429-40.571-101.714-10.857-82.857-10.286-165.714-10.286-165.714v-77.714s-0.571-82.857 10.286-165.714c9.143-70.857 40.571-101.714 40.571-101.714 38.857-41.143 82.857-41.143 102.857-43.429 0 0 142.857-10.286 358.286-10.286v0z"
        ],
        "attrs": [
          {}
        ],
        "isMulticolor": false,
        "isMulticolor2": false,
        "tags": [
          "youtube-play"
        ],
        "grid": 14
      },
      "attrs": [
        {}
      ],
      "properties": {
        "order": 1,
        "id": 5,
        "name": "youtube-play",
        "prevSize": 28,
        "code": 59674
      },
      "setIdx": 3,
      "setId": 0,
      "iconIdx": 8
    },
    {
      "icon": {
        "paths": [
          "M525.143 744.571v-89.714c0-18.857-5.714-28.571-16.571-28.571-6.286 0-12.571 2.857-18.857 9.143v128c6.286 6.286 12.571 9.143 18.857 9.143 10.857 0 16.571-9.143 16.571-28zM630.286 674.857h37.714v-19.429c0-19.429-6.286-29.143-18.857-29.143s-18.857 9.714-18.857 29.143v19.429zM304 522.857v40h-45.714v241.714h-42.286v-241.714h-44.571v-40h132.571zM418.857 594.857v209.714h-38.286v-22.857c-14.857 17.143-29.143 25.714-43.429 25.714-12 0-20.571-5.143-24-16-2.286-6.286-3.429-16-3.429-30.857v-165.714h37.714v154.286c0 8.571 0 13.714 0.571 14.857 0.571 5.714 3.429 8.571 8.571 8.571 8 0 15.429-5.714 24-17.714v-160h38.286zM562.857 658.286v83.429c0 18.857-1.143 33.143-4 41.714-4.571 16-14.857 24-30.286 24-13.143 0-26.286-8-38.857-23.429v20.571h-38.286v-281.714h38.286v92c12-14.857 25.143-22.857 38.857-22.857 15.429 0 25.714 8 30.286 24 2.857 8.571 4 22.286 4 42.286zM706.286 732v5.143c0 12.571-0.571 20.571-1.143 24.571-1.143 8.571-4 16-8.571 22.857-10.286 15.429-26.286 22.857-45.714 22.857-20 0-35.429-7.429-46.286-21.714-8-10.286-12-26.857-12-49.143v-73.714c0-22.286 3.429-38.286 11.429-49.143 10.857-14.286 26.286-21.714 45.714-21.714 18.857 0 34.286 7.429 44.571 21.714 8 10.857 12 26.857 12 49.143v43.429h-76v37.143c0 19.429 6.286 29.143 19.429 29.143 9.143 0 14.857-5.143 17.143-14.857 0-2.286 0.571-10.857 0.571-25.714h38.857zM448.571 261.143v89.143c0 19.429-6.286 29.143-18.286 29.143-12.571 0-18.286-9.714-18.286-29.143v-89.143c0-19.429 5.714-29.714 18.286-29.714 12 0 18.286 10.286 18.286 29.714zM753.143 668.571v0c0-49.143 0-101.143-10.857-148.571-8-33.714-35.429-58.286-68-61.714-77.714-8.571-156.571-8.571-235.429-8.571-78.286 0-157.143 0-234.857 8.571-33.143 3.429-60.571 28-68 61.714-10.857 47.429-11.429 99.429-11.429 148.571v0c0 48.571 0 100.571 11.429 148.571 7.429 33.143 34.857 57.714 67.429 61.714 78.286 8.571 157.143 8.571 235.429 8.571s157.143 0 235.429-8.571c32.571-4 60-28.571 67.429-61.714 11.429-48 11.429-100 11.429-148.571zM321.714 296.571l51.429-169.143h-42.857l-29.143 111.429-30.286-111.429h-44.571c8.571 26.286 18.286 52.571 26.857 78.857 13.714 40 22.286 69.714 26.286 90.286v114.857h42.286v-114.857zM486.857 342.857v-74.286c0-22.286-4-38.857-12-49.714-10.857-14.286-25.714-21.714-44.571-21.714-19.429 0-34.286 7.429-44.571 21.714-8 10.857-12 27.429-12 49.714v74.286c0 22.286 4 38.857 12 49.714 10.286 14.286 25.143 21.714 44.571 21.714 18.857 0 33.714-7.429 44.571-21.714 8-10.286 12-27.429 12-49.714zM590.286 411.429h38.286v-211.429h-38.286v161.714c-8.571 12-16.571 17.714-24 17.714-5.143 0-8.571-2.857-9.143-9.143-0.571-1.143-0.571-5.714-0.571-14.857v-155.429h-38.286v167.429c0 14.857 1.143 24.571 3.429 31.429 4 10.286 12.571 15.429 24.571 15.429 14.286 0 28.571-8.571 44-25.714v22.857zM877.714 237.714v548.571c0 90.857-73.714 164.571-164.571 164.571h-548.571c-90.857 0-164.571-73.714-164.571-164.571v-548.571c0-90.857 73.714-164.571 164.571-164.571h548.571c90.857 0 164.571 73.714 164.571 164.571z"
        ],
        "attrs": [
          {}
        ],
        "width": 878,
        "isMulticolor": false,
        "isMulticolor2": false,
        "tags": [
          "youtube-square"
        ],
        "grid": 14
      },
      "attrs": [
        {}
      ],
      "properties": {
        "order": 2,
        "id": 4,
        "name": "youtube-sq",
        "prevSize": 28,
        "code": 59675
      },
      "setIdx": 3,
      "setId": 0,
      "iconIdx": 9
    },
    {
      "icon": {
        "paths": [
          "M738.286 364.571c4-82.857-26.857-124.571-92-126.857-88-2.857-147.429 46.857-178.286 149.143 16-6.857 31.429-10.857 46.857-10.857 32 0 46.286 18.286 42.286 54.857-1.714 21.714-16 53.714-42.286 95.429-26.857 42.286-46.857 62.857-60 62.857-17.143 0-32-32-46.857-96.571-4.571-19.429-13.143-67.429-25.714-145.714-11.429-72-41.714-105.714-91.429-101.143-20.571 2.286-52.571 20.571-93.714 57.143-30.857 26.857-61.143 54.857-92.571 82.286l29.714 38.286c28.571-19.429 45.143-29.714 49.714-29.714 21.714 0 42.286 34.286 61.143 102.286 17.143 62.857 34.286 125.143 51.429 188 25.714 68 56.571 102.286 93.714 102.286 59.429 0 132.571-56 218.857-168 83.429-107.429 126.857-192 129.143-253.714zM877.714 237.714v548.571c0 90.857-73.714 164.571-164.571 164.571h-548.571c-90.857 0-164.571-73.714-164.571-164.571v-548.571c0-90.857 73.714-164.571 164.571-164.571h548.571c90.857 0 164.571 73.714 164.571 164.571z"
        ],
        "attrs": [
          {}
        ],
        "width": 878,
        "isMulticolor": false,
        "isMulticolor2": false,
        "tags": [
          "vimeo-square"
        ],
        "grid": 14
      },
      "attrs": [
        {}
      ],
      "properties": {
        "order": 1,
        "id": 3,
        "name": "vimeo-sq",
        "prevSize": 28,
        "code": 59676
      },
      "setIdx": 3,
      "setId": 0,
      "iconIdx": 10
    },
    {
      "icon": {
        "paths": [
          "M976.571 296c-4 90.286-67.429 214.286-189.714 372-126.857 164-233.143 246.286-321.143 246.286-54.286 0-100-50.286-137.143-150.286-25.143-91.429-50.286-183.429-75.429-275.429-27.429-100-57.714-149.714-89.714-149.714-6.857 0-30.857 14.286-72.571 43.429l-44-56c45.714-40.571 90.857-81.714 136-121.143 60.571-53.714 106.857-80.571 137.714-83.429 72.571-6.857 116.571 42.286 133.714 148 17.714 114.286 30.857 185.714 37.714 213.143 21.143 94.857 43.429 142.286 68.571 142.286 19.429 0 48.571-30.286 88-92 38.857-61.714 59.429-108.571 62.286-140.571 5.143-53.143-15.429-79.429-62.286-79.429-22.286 0-45.143 5.143-69.143 14.857 45.714-149.714 133.143-222.286 262.286-218.286 95.429 2.857 140.571 65.143 134.857 186.286z"
        ],
        "attrs": [
          {}
        ],
        "width": 1029,
        "isMulticolor": false,
        "isMulticolor2": false,
        "tags": [
          "vimeo"
        ],
        "grid": 14
      },
      "attrs": [
        {}
      ],
      "properties": {
        "order": 2,
        "id": 2,
        "name": "vimeo",
        "prevSize": 28,
        "code": 59677
      },
      "setIdx": 3,
      "setId": 0,
      "iconIdx": 11
    },
    {
      "icon": {
        "paths": [
          "M372 569.714c0 29.714-24 53.714-53.143 53.714-29.714 0-53.714-24-53.714-53.714 0-29.143 24-53.143 53.714-53.143 29.143 0 53.143 24 53.143 53.143zM1031.429 569.143c0 29.714-24 53.714-53.714 53.714s-53.714-24-53.714-53.714 24-53.143 53.714-53.143 53.714 23.429 53.714 53.143zM437.143 569.714c0-60.571-49.714-110.286-110.286-110.286-61.143 0-110.286 49.714-110.286 110.286 0 61.143 49.143 110.286 110.286 110.286 60.571 0 110.286-49.143 110.286-110.286zM1096 569.143c0-60.571-49.143-110.286-110.286-110.286-60.571 0-110.286 49.714-110.286 110.286 0 61.143 49.714 110.286 110.286 110.286 61.143 0 110.286-49.143 110.286-110.286zM485.714 569.714c0 88-70.857 159.429-158.857 159.429s-159.429-71.429-159.429-159.429c0-87.429 71.429-158.857 159.429-158.857s158.857 71.429 158.857 158.857zM1145.143 569.143c0 88-71.429 158.857-159.429 158.857-87.429 0-158.857-70.857-158.857-158.857s71.429-158.857 158.857-158.857c88 0 159.429 70.857 159.429 158.857zM594.286 570.857c0-145.714-118.286-264-264-264-145.143 0-263.429 118.286-263.429 264s118.286 264 263.429 264c145.714 0 264-118.286 264-264zM976 243.429c-94.286-41.143-200.571-63.429-317.714-63.429s-233.714 22.286-327.429 62.857c181.143 0.571 327.429 146.857 327.429 328 0-177.714 141.143-322.286 317.714-327.429zM1249.714 570.857c0-145.714-117.714-264-263.429-264s-264 118.286-264 264 118.286 264 264 264 263.429-118.286 263.429-264zM1097.714 247.429h218.857c-34.286 40-59.429 93.714-65.714 130.857 39.429 54.286 62.857 120.571 62.857 192.571 0 181.143-146.857 327.429-327.429 327.429-102.857 0-194.286-46.857-254.286-120.571 0 0-26.857 32-73.714 102.286-8-16.571-48.571-74.286-73.143-102.857-60 74.286-152 121.143-254.857 121.143-180.571 0-327.429-146.286-327.429-327.429 0-72 23.429-138.286 62.857-192.571-6.286-37.143-31.429-90.857-65.714-130.857h208.571c112-74.857 274.857-121.714 449.714-121.714s327.429 46.857 439.429 121.714z"
        ],
        "attrs": [
          {}
        ],
        "width": 1317,
        "isMulticolor": false,
        "isMulticolor2": false,
        "tags": [
          "tripadvisor"
        ],
        "grid": 14
      },
      "attrs": [
        {}
      ],
      "properties": {
        "order": 1,
        "id": 1,
        "name": "tripadvisor",
        "prevSize": 28,
        "code": 59678
      },
      "setIdx": 3,
      "setId": 0,
      "iconIdx": 12
    },
    {
      "icon": {
        "paths": [
          "M484.571 73.143c102.857-1.143 188 56.571 230.857 149.143 13.143 28 15.429 71.429 15.429 102.286 0 36.571-2.857 72.571-5.143 109.143 4.571 2.286 10.857 4 16 4 20.571 0 37.714-15.429 58.286-15.429 19.429 0 47.429 13.714 47.429 36.571 0 54.857-114.857 44.571-114.857 92.571 0 8.571 3.429 16.571 6.857 24.571 27.429 60 79.429 117.714 141.143 143.429 14.857 6.286 29.714 9.714 45.714 13.143 10.286 2.286 16 9.714 16 20 0 38.857-98.857 54.857-125.143 58.857-11.429 17.714-2.857 59.429-33.143 59.429-23.429 0-46.857-7.429-72-7.429-12 0-24 0.571-35.429 2.857-68 11.429-90.857 84.571-202.286 84.571-107.429 0-133.143-73.143-199.429-84.571-12-2.286-24-2.857-36-2.857-25.714 0-50.286 8.571-70.857 8.571-32 0-22.286-42.286-34.286-60.571-26.286-4-125.143-20-125.143-58.857 0-10.286 5.714-17.714 16-20 16-3.429 30.857-6.857 45.714-13.143 61.143-25.143 114.286-83.429 141.143-143.429 3.429-8 6.857-16 6.857-24.571 0-48-115.429-38.857-115.429-92 0-22.286 26.286-36.571 46.286-36.571 17.714 0 35.429 14.857 57.714 14.857 6.286 0 12.571-1.143 18.286-4-2.286-36-5.143-72-5.143-108.571 0-30.857 2.286-74.857 15.429-102.857 50.286-108.571 135.429-148 249.143-149.143z"
        ],
        "attrs": [
          {}
        ],
        "width": 951,
        "isMulticolor": false,
        "isMulticolor2": false,
        "tags": [
          "snapchat-ghost"
        ],
        "grid": 14
      },
      "attrs": [
        {}
      ],
      "properties": {
        "order": 1,
        "id": 0,
        "name": "snapchat",
        "prevSize": 28,
        "code": 59679
      },
      "setIdx": 3,
      "setId": 0,
      "iconIdx": 13
    }
  ],
  "height": 1024,
  "metadata": {
    "name": "kawanti"
  },
  "preferences": {
    "showGlyphs": true,
    "showCodes": true,
    "showQuickUse": true,
    "showQuickUse2": true,
    "showSVGs": true,
    "fontPref": {
      "prefix": "icon-",
      "metadata": {
        "fontFamily": "kawanti",
        "majorVersion": 1,
        "minorVersion": 0
      },
      "metrics": {
        "emSize": 1024,
        "baseline": 6.25,
        "whitespace": 50
      },
      "noie8": true,
      "ie7": false,
      "embed": true
    },
    "imagePref": {
      "prefix": "icon-",
      "png": true,
      "useClassSelector": true,
      "color": 0,
      "bgColor": 16777215
    },
    "historySize": 50
  }
}