{
	"igrp":"2586",
	"vid":"1d149504-600e-4dd3-a58d-0ef289e05842",
	"triggerDatetime":"2019-02-15 10:44:03",
	"dgrp":"33243",
	"dgrpName":"Website",
	"chName":"Facebook",
	"txr":"94480",
	"goalTitle":"Call Not Connected",
	"outcomeType":"V",
	"ringTime":"0",
	"ivrDuration":"10",
	"queueDuration":"0",
	"callDuration":"10",
	"bridgeDuration":"0",
	"callStage":"ivr",
	"callRating":"",
	"operatorRef":"",
	"dialplanRef":"potential spam",
	"ivrRef":"",
	"srcPhoneNumber":"+15099815699",
	"destPhoneNumber":"ext:ict-ext-igrp_2586-main",
	"campaign":"lead_acquisition_2019",
	"adGroup":"",
	"term":"",
	"ip":"174.216.9.169",
	"city":"Renton",
	"region":"WA",
	"rowId":"755617"
}
{
	"igrp":"2586",
	"vid":"1d149504-600e-4dd3-a58d-0ef289e05842",
	"triggerDatetime":"2019-02-15 10:42:36",
	"dgrp":"33243",
	"dgrpName":"Website",
	"chName":"Facebook",
	"txr":"87940",
	"goalTitle":"Call Not Connected",
	"outcomeType":"V",
	"ringTime":"0",
	"ivrDuration":"5",
	"queueDuration":"0",
	"callDuration":"5",
	"bridgeDuration":"0",
	"callStage":"ivr",
	"callRating":"",
	"operatorRef":"",
	"dialplanRef":"potential spam",
	"ivrRef":"",
	"srcPhoneNumber":"+15099815699",
	"destPhoneNumber":"ext:ict-ext-igrp_2586-main",
	"campaign":"lead_acquisition_2019",
	"adGroup":"",
	"term":"",
	"ip":"174.216.9.169",
	"city":"Renton",
	"region":"WA",
	"rowId":"755614"
}
{
	"igrp":"2586",
	"vid":"",
	"triggerDatetime":"2019-02-15 09:55:10",
	"dgrp":"33243",
	"dgrpName":"Website",
	"chName":"Unknown",
	"txr":"87840",
	"goalTitle":"Call Not Connected",
	"outcomeType":"V",
	"ringTime":"1",
	"ivrDuration":"28",
	"queueDuration":"0",
	"callDuration":"28",
	"bridgeDuration":"0",
	"callStage":"ivr",
	"callRating":"",
	"operatorRef":"",
	"dialplanRef":"potential spam",
	"ivrRef":"",
	"srcPhoneNumber":"+12182041738",
	"destPhoneNumber":"ext:ict-ext-igrp_2586-main",
	"term":"",
	"rowId":"755552"
}
{
	"igrp":"2586",
	"vid":"",
	"triggerDatetime":"2019-02-15 05:47:21",
	"dgrp":"33243",
	"dgrpName":"Website",
	"chName":"Unknown",
	"txr":"87740",
	"goalTitle":"Call Not Connected",
	"outcomeType":"V",
	"ringTime":"1",
	"ivrDuration":"4",
	"queueDuration":"0",
	"callDuration":"4",
	"bridgeDuration":"0",
	"callStage":"ivr",
	"callRating":"",
	"operatorRef":"",
	"dialplanRef":"potential spam",
	"ivrRef":"",
	"srcPhoneNumber":"+15097334089",
	"destPhoneNumber":"ext:ict-ext-igrp_2586-main",
	"term":"",
	"rowId":"755264"
}
{
	"igrp":"2586",
	"vid":"9a88e225-98cc-4f5a-bbd1-6dd0589b8532",
	"triggerDatetime":"2019-02-14 16:59:38",
	"dgrp":"33243",
	"dgrpName":"Website",
	"chName":"Paid Search",
	"txr":"95970",
	"goalTitle":"Information",
	"outcomeType":"N",
	"ringTime":"0",
	"ivrDuration":"20",
	"queueDuration":"4",
	"callDuration":"157",
	"bridgeDuration":"133",
	"callStage":"bridge",
	"callRating":"",
	"operatorRef":"",
	"dialplanRef":"More Information",
	"ivrRef":"More Information",
	"srcPhoneNumber":"+18083282697",
	"destPhoneNumber":"+12063062050",
	"campaign":"Search - General",
	"adGroup":"Brand - SCCA",
	"term":"",
	"ip":"98.155.58.189",
	"city":"Kailua Kona",
	"region":"HI",
	"rowId":"754726"
}
{
	"igrp":"2586",
	"vid":"d7529789-4145-45a4-81f6-3157df72167b",
	"triggerDatetime":"2019-02-14 15:27:01",
	"dgrp":"33243",
	"dgrpName":"Website",
	"chName":"Facebook",
	"txr":"87640",
	"goalTitle":"Information",
	"outcomeType":"N",
	"ringTime":"1",
	"ivrDuration":"17",
	"queueDuration":"4",
	"callDuration":"767",
	"bridgeDuration":"746",
	"callStage":"bridge",
	"callRating":"",
	"operatorRef":"",
	"dialplanRef":"More Information",
	"ivrRef":"More Information",
	"srcPhoneNumber":"+12535792240",
	"destPhoneNumber":"+12063062050",
	"campaign":"lead_acquisition_2019",
	"adGroup":"",
	"term":"",
	"ip":"73.83.55.35",
	"city":"Tacoma",
	"region":"WA",
	"rowId":"754594"
}
{
	"igrp":"2586",
	"vid":"",
	"triggerDatetime":"2019-02-14 14:55:39",
	"dgrp":"33243",
	"dgrpName":"Website",
	"chName":"Paid Search",
	"txr":"94380",
	"goalTitle":"Existing",
	"outcomeType":"N",
	"ringTime":"1",
	"ivrDuration":"21",
	"queueDuration":"5",
	"callDuration":"2479",
	"bridgeDuration":"2453",
	"callStage":"bridge",
	"callRating":"",
	"operatorRef":"",
	"dialplanRef":"Existing or Former Patients",
	"ivrRef":"Existing or Former Patients",
	"srcPhoneNumber":"+12067940494",
	"destPhoneNumber":"+12063062050",
	"campaign":"Search - General",
	"adGroup":"",
	"term":"",
	"rowId":"754586"
}
{
	"igrp":"2586",
	"vid":"4ed29525-8179-4faf-8b1c-3746bcecf935",
	"triggerDatetime":"2019-02-14 13:03:37",
	"dgrp":"33243",
	"dgrpName":"Website",
	"chName":"Facebook",
	"txr":"95870",
	"goalTitle":"Call Not Connected",
	"outcomeType":"V",
	"ringTime":"0",
	"ivrDuration":"45",
	"queueDuration":"0",
	"callDuration":"45",
	"bridgeDuration":"0",
	"callStage":"ivr",
	"callRating":"",
	"operatorRef":"",
	"dialplanRef":"potential spam",
	"ivrRef":"",
	"srcPhoneNumber":"+19196880896",
	"destPhoneNumber":"ext:ict-ext-igrp_2586-main",
	"campaign":"lead_acquisition_2019",
	"adGroup":"",
	"term":"",
	"ip":"99.203.84.217",
	"city":"Charlotte",
	"region":"NC",
	"rowId":"754330"
}
{
	"igrp":"2586",
	"vid":"",
	"triggerDatetime":"2019-02-14 12:21:50",
	"dgrp":"33243",
	"dgrpName":"Website",
	"chName":"Paid Search",
	"txr":"94280",
	"goalTitle":"Existing",
	"outcomeType":"N",
	"ringTime":"0",
	"ivrDuration":"23",
	"queueDuration":"5",
	"callDuration":"278",
	"bridgeDuration":"250",
	"callStage":"bridge",
	"callRating":"",
	"operatorRef":"",
	"dialplanRef":"Existing or Former Patients",
	"ivrRef":"Existing or Former Patients",
	"srcPhoneNumber":"+12538765253",
	"destPhoneNumber":"+12063062050",
	"campaign":"Search - Prostate",
	"adGroup":"",
	"term":"",
	"rowId":"754286"
}
{
	"igrp":"2586",
	"vid":"bdbb9aec-b69c-4d09-b0ec-2fd76d5b2d92",
	"triggerDatetime":"2019-02-14 12:02:42",
	"dgrp":"33243",
	"dgrpName":"Website",
	"chName":"Organic Search",
	"txr":"84830",
	"goalTitle":"Information",
	"outcomeType":"N",
	"ringTime":"0",
	"ivrDuration":"18",
	"queueDuration":"4",
	"callDuration":"1364",
	"bridgeDuration":"1342",
	"callStage":"bridge",
	"callRating":"",
	"operatorRef":"",
	"dialplanRef":"More Information",
	"ivrRef":"More Information",
	"srcPhoneNumber":"+15415560225",
	"destPhoneNumber":"+12063062050",
	"campaign":"",
	"adGroup":"",
	"term":"",
	"ip":"76.115.177.99",
	"city":"Eugene",
	"region":"OR",
	"rowId":"754283"
}
{
	"igrp":"2586",
	"vid":"83b2253c-739a-497a-b9c4-bcdd593a604d",
	"triggerDatetime":"2019-02-14 10:21:15",
	"dgrp":"33243",
	"dgrpName":"Website",
	"chName":"Facebook",
	"txr":"95770",
	"goalTitle":"Information",
	"outcomeType":"N",
	"ringTime":"1",
	"ivrDuration":"16",
	"queueDuration":"5",
	"callDuration":"401",
	"bridgeDuration":"380",
	"callStage":"bridge",
	"callRating":"",
	"operatorRef":"",
	"dialplanRef":"More Information",
	"ivrRef":"More Information",
	"srcPhoneNumber":"+18086893738",
	"destPhoneNumber":"+12063062050",
	"campaign":"lead_acquisition_2019",
	"adGroup":"",
	"term":"",
	"ip":"76.103.187.240",
	"city":"San Jose",
	"region":"CA",
	"rowId":"754098"
}
{
	"igrp":"2586",
	"vid":"7016c075-8019-4d16-a34f-f14e6e0a2dc8",
	"triggerDatetime":"2019-02-14 09:45:56",
	"dgrp":"33243",
	"dgrpName":"Website",
	"chName":"Organic Search",
	"txr":"95670",
	"goalTitle":"Other",
	"outcomeType":"N",
	"ringTime":"1",
	"ivrDuration":"22",
	"queueDuration":"5",
	"callDuration":"72",
	"bridgeDuration":"45",
	"callStage":"bridge",
	"callRating":"",
	"operatorRef":"",
	"dialplanRef":"Other Inquiries",
	"ivrRef":"Other Inquiries",
	"srcPhoneNumber":"+18585497400",
	"destPhoneNumber":"+12063062050",
	"campaign":"",
	"adGroup":"",
	"term":"",
	"ip":"207.7.112.34",
	"city":"San Diego",
	"region":"CA",
	"rowId":"754048"
}
{
	"igrp":"2586",
	"vid":"ef549e8e-b3bb-4f5c-a747-5b6e66b3de4f",
	"triggerDatetime":"2019-02-14 09:25:16",
	"dgrp":"33243",
	"dgrpName":"Website",
	"chName":"Facebook",
	"txr":"94180",
	"goalTitle":"Call Not Connected",
	"outcomeType":"V",
	"ringTime":"0",
	"ivrDuration":"20",
	"queueDuration":"0",
	"callDuration":"20",
	"bridgeDuration":"0",
	"callStage":"ivr",
	"callRating":"",
	"operatorRef":"",
	"dialplanRef":"potential spam",
	"ivrRef":"",
	"srcPhoneNumber":"+13607431104",
	"destPhoneNumber":"ext:ict-ext-igrp_2586-main",
	"campaign":"lead_acquisition_2019",
	"adGroup":"",
	"term":"",
	"ip":"174.254.194.23",
	"city":"",
	"region":"",
	"rowId":"754023"
}
{
	"igrp":"2586",
	"vid":"0e6e978c-2e21-4997-9564-89863e065588",
	"triggerDatetime":"2019-02-14 09:05:35",
	"dgrp":"33243",
	"dgrpName":"Website",
	"chName":"Paid Search",
	"txr":"94080",
	"goalTitle":"Information",
	"outcomeType":"N",
	"ringTime":"0",
	"ivrDuration":"16",
	"queueDuration":"4",
	"callDuration":"851",
	"bridgeDuration":"831",
	"callStage":"bridge",
	"callRating":"",
	"operatorRef":"",
	"dialplanRef":"More Information",
	"ivrRef":"More Information",
	"srcPhoneNumber":"+13609838381",
	"destPhoneNumber":"+12063062050",
	"campaign":"Search - Cancer - Prostate",
	"adGroup":"Cancer - Prostate - Proton Therapy",
	"term":"",
	"ip":"174.216.9.0",
	"city":"Seattle",
	"region":"WA",
	"rowId":"754002"
}

