{
    "key": "group_58ebc5efd1ddc",
    "title": "Modules - Approach",
    "fields": [
        {
            "key": "field_58ebc5f8e3fd5",
            "label": "modules",
            "name": "modules",
            "type": "flexible_content",
            "instructions": "",
            "required": 0,
            "conditional_logic": 0,
            "wrapper": {
                "width": "",
                "class": "",
                "id": ""
            },
            "button_label": "Add Module",
            "min": "",
            "max": "",
            "layouts": [
                {
                    "key": "58ebc601b955b",
                    "name": "intro-module",
                    "label": "Intro Module",
                    "display": "block",
                    "sub_fields": [
                        {
                            "key": "field_58ebc6d6e3fd6",
                            "label": "Intros",
                            "name": "intros",
                            "type": "clone",
                            "instructions": "",
                            "required": 0,
                            "conditional_logic": 0,
                            "wrapper": {
                                "width": "",
                                "class": "",
                                "id": ""
                            },
                            "clone": [
                                "group_58ebc4f488bb4"
                            ],
                            "display": "seamless",
                            "layout": "",
                            "prefix_label": 0,
                            "prefix_name": 0
                        }
                    ],
                    "min": "",
                    "max": ""
                },
                {
                    "key": "58ebc6fbe3fd7",
                    "name": "post-block-module",
                    "label": "Post Block Module",
                    "display": "block",
                    "sub_fields": [
                        {
                            "key": "field_58ebc6fbe3fd8",
                            "label": "Post Blocks",
                            "name": "post-blocks",
                            "type": "clone",
                            "instructions": "",
                            "required": 0,
                            "conditional_logic": 0,
                            "wrapper": {
                                "width": "",
                                "class": "",
                                "id": ""
                            },
                            "clone": [
                                "group_58ebc516a1bba"
                            ],
                            "display": "seamless",
                            "layout": "",
                            "prefix_label": 0,
                            "prefix_name": 0
                        }
                    ],
                    "min": "",
                    "max": ""
                },
                {
                    "key": "58ebc731e3fd9",
                    "name": "banner-module",
                    "label": "Banner Module",
                    "display": "block",
                    "sub_fields": [
                        {
                            "key": "field_58ebc731e3fda",
                            "label": "Banners",
                            "name": "banners",
                            "type": "clone",
                            "instructions": "",
                            "required": 0,
                            "conditional_logic": 0,
                            "wrapper": {
                                "width": "",
                                "class": "",
                                "id": ""
                            },
                            "clone": [
                                "group_58ebc7726d180"
                            ],
                            "display": "seamless",
                            "layout": "block",
                            "prefix_label": 0,
                            "prefix_name": 0
                        }
                    ],
                    "min": "",
                    "max": ""
                },
                {
                    "key": "59710bd460dca",
                    "name": "number-list-module",
                    "label": "Number List Module",
                    "display": "block",
                    "sub_fields": [
                        {
                            "key": "field_59710bd460dcb",
                            "label": "Numbers",
                            "name": "numbers",
                            "type": "clone",
                            "instructions": "",
                            "required": 0,
                            "conditional_logic": 0,
                            "wrapper": {
                                "width": "",
                                "class": "",
                                "id": ""
                            },
                            "clone": [
                                "group_58dd648d692eb"
                            ],
                            "display": "seamless",
                            "layout": "block",
                            "prefix_label": 0,
                            "prefix_name": 0
                        }
                    ],
                    "min": "",
                    "max": ""
                },
                {
                    "key": "58eec2737cba5",
                    "name": "region-map-module",
                    "label": "Region Map Module",
                    "display": "block",
                    "sub_fields": [
                        {
                            "key": "field_58eec2f37cba9",
                            "label": "",
                            "name": "",
                            "type": "message",
                            "instructions": "",
                            "required": 0,
                            "conditional_logic": 0,
                            "wrapper": {
                                "width": "",
                                "class": "",
                                "id": ""
                            },
                            "message": "The Region Map Module adds the interactive region map section.",
                            "new_lines": "",
                            "esc_html": 0
                        },
                        {
                            "key": "field_58eec28b7cba7",
                            "label": "Map Section Title",
                            "name": "map_title",
                            "type": "text",
                            "instructions": "",
                            "required": 0,
                            "conditional_logic": 0,
                            "wrapper": {
                                "width": "",
                                "class": "",
                                "id": ""
                            },
                            "default_value": "",
                            "placeholder": "",
                            "prepend": "",
                            "append": "",
                            "maxlength": ""
                        },
                        {
                            "key": "field_58eec2987cba8",
                            "label": "Map Section Text",
                            "name": "map_text",
                            "type": "text",
                            "instructions": "",
                            "required": 0,
                            "conditional_logic": 0,
                            "wrapper": {
                                "width": "",
                                "class": "",
                                "id": ""
                            },
                            "default_value": "",
                            "placeholder": "",
                            "prepend": "",
                            "append": "",
                            "maxlength": ""
                        }
                    ],
                    "min": "",
                    "max": ""
                }
            ]
        }
    ],
    "location": [
        [
            {
                "param": "page",
                "operator": "==",
                "value": "360"
            }
        ]
    ],
    "menu_order": 0,
    "position": "normal",
    "style": "default",
    "label_placement": "top",
    "instruction_placement": "label",
    "hide_on_screen": "",
    "active": 1,
    "description": "",
    "modified": 1500580901
}