{
    "key": "group_58dd642cd3535",
    "title": "Modules - About",
    "fields": [
        {
            "key": "field_58dd69fa4ab56",
            "label": "About Mast",
            "name": "about_mast",
            "type": "repeater",
            "instructions": "The About Mast controls the masthead slider on the Left.",
            "required": 0,
            "conditional_logic": 0,
            "wrapper": {
                "width": "",
                "class": "",
                "id": ""
            },
            "collapsed": "",
            "min": 0,
            "max": 0,
            "layout": "table",
            "button_label": "",
            "sub_fields": [
                {
                    "key": "field_58dd6a034ab57",
                    "label": "Title",
                    "name": "title",
                    "type": "text",
                    "instructions": "",
                    "required": 0,
                    "conditional_logic": 0,
                    "wrapper": {
                        "width": "",
                        "class": "",
                        "id": ""
                    },
                    "default_value": "",
                    "placeholder": "",
                    "prepend": "",
                    "append": "",
                    "maxlength": ""
                },
                {
                    "key": "field_58dd6a074ab58",
                    "label": "Image",
                    "name": "image",
                    "type": "image",
                    "instructions": "",
                    "required": 0,
                    "conditional_logic": 0,
                    "wrapper": {
                        "width": "",
                        "class": "",
                        "id": ""
                    },
                    "return_format": "array",
                    "preview_size": "thumbnail",
                    "library": "all",
                    "min_width": "",
                    "min_height": "",
                    "min_size": "",
                    "max_width": "",
                    "max_height": "",
                    "max_size": "",
                    "mime_types": ""
                }
            ]
        },
        {
            "key": "field_58dd643f2aedf",
            "label": "Story",
            "name": "",
            "type": "tab",
            "instructions": "",
            "required": 0,
            "conditional_logic": 0,
            "wrapper": {
                "width": "",
                "class": "",
                "id": ""
            },
            "placement": "top",
            "endpoint": 0
        },
        {
            "key": "field_58dd642cd8390",
            "label": "About Modules 1",
            "name": "about_modules_1",
            "type": "flexible_content",
            "instructions": "",
            "required": 0,
            "conditional_logic": 0,
            "wrapper": {
                "width": "",
                "class": "",
                "id": ""
            },
            "button_label": "Add Module",
            "min": "",
            "max": "",
            "layouts": [
                {
                    "key": "58d0504c24ea7",
                    "name": "about-heading-module",
                    "label": "Heading",
                    "display": "block",
                    "sub_fields": [
                        {
                            "key": "field_58dd67952874c",
                            "label": "Title",
                            "name": "title",
                            "type": "text",
                            "instructions": "",
                            "required": 0,
                            "conditional_logic": 0,
                            "wrapper": {
                                "width": "",
                                "class": "",
                                "id": ""
                            },
                            "default_value": "",
                            "placeholder": "",
                            "prepend": "",
                            "append": "",
                            "maxlength": ""
                        },
                        {
                            "key": "field_58dd67b82874d",
                            "label": "Subheader",
                            "name": "subheader",
                            "type": "textarea",
                            "instructions": "",
                            "required": 0,
                            "conditional_logic": 0,
                            "wrapper": {
                                "width": "",
                                "class": "",
                                "id": ""
                            },
                            "default_value": "",
                            "placeholder": "",
                            "maxlength": "",
                            "rows": 2,
                            "new_lines": ""
                        },
                        {
                            "key": "field_58dd67cf2874e",
                            "label": "color",
                            "name": "color",
                            "type": "select",
                            "instructions": "Select a color for the headline",
                            "required": 0,
                            "conditional_logic": 0,
                            "wrapper": {
                                "width": "",
                                "class": "",
                                "id": ""
                            },
                            "choices": {
                                "color-beta": "Gold",
                                "color-delta": "Blue",
                                "color-gamma": "Blue Grey"
                            },
                            "default_value": [
                                
                            ],
                            "allow_null": 0,
                            "multiple": 0,
                            "ui": 0,
                            "ajax": 0,
                            "return_format": "value",
                            "placeholder": ""
                        }
                    ],
                    "min": "",
                    "max": ""
                },
                {
                    "key": "58dd68372874f",
                    "name": "number-list-module",
                    "label": "Number List",
                    "display": "block",
                    "sub_fields": [
                        {
                            "key": "field_58dd685728755",
                            "label": "Numbers",
                            "name": "numbers",
                            "type": "clone",
                            "instructions": "",
                            "required": 0,
                            "conditional_logic": 0,
                            "wrapper": {
                                "width": "",
                                "class": "",
                                "id": ""
                            },
                            "clone": [
                                "group_58dd648d692eb"
                            ],
                            "display": "seamless",
                            "layout": "block",
                            "prefix_label": 0,
                            "prefix_name": 0
                        }
                    ],
                    "min": "",
                    "max": ""
                },
                {
                    "key": "58d059ac92d11",
                    "name": "gallery-module",
                    "label": "Gallery",
                    "display": "block",
                    "sub_fields": [
                        {
                            "key": "field_58dd642cdaafe",
                            "label": "Gallery",
                            "name": "gallery",
                            "type": "clone",
                            "instructions": "",
                            "required": 0,
                            "conditional_logic": 0,
                            "wrapper": {
                                "width": "",
                                "class": "",
                                "id": ""
                            },
                            "clone": [
                                "group_58d04c668f8a3"
                            ],
                            "display": "seamless",
                            "layout": "block",
                            "prefix_label": 0,
                            "prefix_name": 0
                        }
                    ],
                    "min": "",
                    "max": ""
                },
                {
                    "key": "58d071641757b",
                    "name": "testimonial-module",
                    "label": "Testimonial",
                    "display": "block",
                    "sub_fields": [
                        {
                            "key": "field_58dd642cdab0a",
                            "label": "Testimonial",
                            "name": "testimonial",
                            "type": "clone",
                            "instructions": "",
                            "required": 0,
                            "conditional_logic": 0,
                            "wrapper": {
                                "width": "",
                                "class": "",
                                "id": ""
                            },
                            "clone": [
                                "group_58d02632b2600"
                            ],
                            "display": "seamless",
                            "layout": "block",
                            "prefix_label": 0,
                            "prefix_name": 0
                        }
                    ],
                    "min": "",
                    "max": ""
                },
                {
                    "key": "58d160550adfb",
                    "name": "vid-block-module",
                    "label": "Video Block",
                    "display": "block",
                    "sub_fields": [
                        {
                            "key": "field_58dd642cdab15",
                            "label": "Vid Block",
                            "name": "vid_block",
                            "type": "clone",
                            "instructions": "",
                            "required": 0,
                            "conditional_logic": 0,
                            "wrapper": {
                                "width": "",
                                "class": "",
                                "id": ""
                            },
                            "clone": [
                                "group_58d15b26ae1d0"
                            ],
                            "display": "seamless",
                            "layout": "block",
                            "prefix_label": 0,
                            "prefix_name": 0
                        }
                    ],
                    "min": "",
                    "max": ""
                }
            ]
        },
        {
            "key": "field_58dd645c2aee0",
            "label": "Culture",
            "name": "",
            "type": "tab",
            "instructions": "",
            "required": 0,
            "conditional_logic": 0,
            "wrapper": {
                "width": "",
                "class": "",
                "id": ""
            },
            "placement": "top",
            "endpoint": 0
        },
        {
            "key": "field_58dd70c0532ea",
            "label": "About Modules 2",
            "name": "about_modules_2",
            "type": "flexible_content",
            "instructions": "",
            "required": 0,
            "conditional_logic": 0,
            "wrapper": {
                "width": "",
                "class": "",
                "id": ""
            },
            "button_label": "Add Module",
            "min": "",
            "max": "",
            "layouts": [
                {
                    "key": "58d0504c24ea7",
                    "name": "about-heading-module",
                    "label": "Heading",
                    "display": "block",
                    "sub_fields": [
                        {
                            "key": "field_58dd70c0532eb",
                            "label": "Title",
                            "name": "title",
                            "type": "text",
                            "instructions": "",
                            "required": 0,
                            "conditional_logic": 0,
                            "wrapper": {
                                "width": "",
                                "class": "",
                                "id": ""
                            },
                            "default_value": "",
                            "placeholder": "",
                            "prepend": "",
                            "append": "",
                            "maxlength": ""
                        },
                        {
                            "key": "field_58dd70c0532ec",
                            "label": "Subheader",
                            "name": "subheader",
                            "type": "textarea",
                            "instructions": "",
                            "required": 0,
                            "conditional_logic": 0,
                            "wrapper": {
                                "width": "",
                                "class": "",
                                "id": ""
                            },
                            "default_value": "",
                            "placeholder": "",
                            "maxlength": "",
                            "rows": 2,
                            "new_lines": ""
                        },
                        {
                            "key": "field_58dd70c0532ed",
                            "label": "color",
                            "name": "color",
                            "type": "select",
                            "instructions": "Select a color for the headline",
                            "required": 0,
                            "conditional_logic": 0,
                            "wrapper": {
                                "width": "",
                                "class": "",
                                "id": ""
                            },
                            "choices": {
                                "color-beta": "Gold",
                                "color-delta": "Blue",
                                "color-gamma": "Blue Grey"
                            },
                            "default_value": [
                                
                            ],
                            "allow_null": 0,
                            "multiple": 0,
                            "ui": 0,
                            "ajax": 0,
                            "return_format": "value",
                            "placeholder": ""
                        }
                    ],
                    "min": "",
                    "max": ""
                },
                {
                    "key": "58dd68372874f",
                    "name": "number-list-module",
                    "label": "Number List",
                    "display": "block",
                    "sub_fields": [
                        {
                            "key": "field_58dd70c0532ee",
                            "label": "Numbers",
                            "name": "numbers",
                            "type": "clone",
                            "instructions": "",
                            "required": 0,
                            "conditional_logic": 0,
                            "wrapper": {
                                "width": "",
                                "class": "",
                                "id": ""
                            },
                            "clone": [
                                "group_58dd648d692eb"
                            ],
                            "display": "seamless",
                            "layout": "block",
                            "prefix_label": 0,
                            "prefix_name": 0
                        }
                    ],
                    "min": "",
                    "max": ""
                },
                {
                    "key": "58d059ac92d11",
                    "name": "gallery-module",
                    "label": "Gallery",
                    "display": "block",
                    "sub_fields": [
                        {
                            "key": "field_58dd70c0532ef",
                            "label": "Gallery",
                            "name": "gallery",
                            "type": "clone",
                            "instructions": "",
                            "required": 0,
                            "conditional_logic": 0,
                            "wrapper": {
                                "width": "",
                                "class": "",
                                "id": ""
                            },
                            "clone": [
                                "group_58d04c668f8a3"
                            ],
                            "display": "seamless",
                            "layout": "block",
                            "prefix_label": 0,
                            "prefix_name": 0
                        }
                    ],
                    "min": "",
                    "max": ""
                },
                {
                    "key": "58d071641757b",
                    "name": "testimonial-module",
                    "label": "Testimonial",
                    "display": "block",
                    "sub_fields": [
                        {
                            "key": "field_58dd70c0532f0",
                            "label": "Testimonial",
                            "name": "testimonial",
                            "type": "clone",
                            "instructions": "",
                            "required": 0,
                            "conditional_logic": 0,
                            "wrapper": {
                                "width": "",
                                "class": "",
                                "id": ""
                            },
                            "clone": [
                                "group_58d02632b2600"
                            ],
                            "display": "seamless",
                            "layout": "block",
                            "prefix_label": 0,
                            "prefix_name": 0
                        }
                    ],
                    "min": "",
                    "max": ""
                },
                {
                    "key": "58d160550adfb",
                    "name": "vid-block-module",
                    "label": "Video Block",
                    "display": "block",
                    "sub_fields": [
                        {
                            "key": "field_58dd70c0532f1",
                            "label": "Vid Block",
                            "name": "vid_block",
                            "type": "clone",
                            "instructions": "",
                            "required": 0,
                            "conditional_logic": 0,
                            "wrapper": {
                                "width": "",
                                "class": "",
                                "id": ""
                            },
                            "clone": [
                                "group_58d15b26ae1d0"
                            ],
                            "display": "seamless",
                            "layout": "block",
                            "prefix_label": 0,
                            "prefix_name": 0
                        }
                    ],
                    "min": "",
                    "max": ""
                }
            ]
        },
        {
            "key": "field_58dd9a1397aa8",
            "label": "Philantrophy",
            "name": "",
            "type": "tab",
            "instructions": "",
            "required": 0,
            "conditional_logic": 0,
            "wrapper": {
                "width": "",
                "class": "",
                "id": ""
            },
            "placement": "top",
            "endpoint": 0
        },
        {
            "key": "field_58dd9a2997aa9",
            "label": "About Modules 3",
            "name": "about_modules_3",
            "type": "flexible_content",
            "instructions": "",
            "required": 0,
            "conditional_logic": 0,
            "wrapper": {
                "width": "",
                "class": "",
                "id": ""
            },
            "button_label": "Add Module",
            "min": "",
            "max": "",
            "layouts": [
                {
                    "key": "58d0504c24ea7",
                    "name": "about-heading-module",
                    "label": "Heading",
                    "display": "block",
                    "sub_fields": [
                        {
                            "key": "field_58dd9a2997aaa",
                            "label": "Title",
                            "name": "title",
                            "type": "text",
                            "instructions": "",
                            "required": 0,
                            "conditional_logic": 0,
                            "wrapper": {
                                "width": "",
                                "class": "",
                                "id": ""
                            },
                            "default_value": "",
                            "placeholder": "",
                            "prepend": "",
                            "append": "",
                            "maxlength": ""
                        },
                        {
                            "key": "field_58dd9a2997aab",
                            "label": "Subheader",
                            "name": "subheader",
                            "type": "textarea",
                            "instructions": "",
                            "required": 0,
                            "conditional_logic": 0,
                            "wrapper": {
                                "width": "",
                                "class": "",
                                "id": ""
                            },
                            "default_value": "",
                            "placeholder": "",
                            "maxlength": "",
                            "rows": 2,
                            "new_lines": ""
                        },
                        {
                            "key": "field_58dd9a2997aac",
                            "label": "color",
                            "name": "color",
                            "type": "select",
                            "instructions": "Select a color for the headline",
                            "required": 0,
                            "conditional_logic": 0,
                            "wrapper": {
                                "width": "",
                                "class": "",
                                "id": ""
                            },
                            "choices": {
                                "color-beta": "Gold",
                                "color-delta": "Blue",
                                "color-gamma": "Blue Grey"
                            },
                            "default_value": [
                                
                            ],
                            "allow_null": 0,
                            "multiple": 0,
                            "ui": 0,
                            "ajax": 0,
                            "return_format": "value",
                            "placeholder": ""
                        }
                    ],
                    "min": "",
                    "max": ""
                },
                {
                    "key": "58dd68372874f",
                    "name": "number-list-module",
                    "label": "Number List",
                    "display": "block",
                    "sub_fields": [
                        {
                            "key": "field_58dd9a2997aad",
                            "label": "Numbers",
                            "name": "numbers",
                            "type": "clone",
                            "instructions": "",
                            "required": 0,
                            "conditional_logic": 0,
                            "wrapper": {
                                "width": "",
                                "class": "",
                                "id": ""
                            },
                            "clone": [
                                "group_58dd648d692eb"
                            ],
                            "display": "seamless",
                            "layout": "block",
                            "prefix_label": 0,
                            "prefix_name": 0
                        }
                    ],
                    "min": "",
                    "max": ""
                },
                {
                    "key": "58d059ac92d11",
                    "name": "gallery-module",
                    "label": "Gallery",
                    "display": "block",
                    "sub_fields": [
                        {
                            "key": "field_58dd9a2997aae",
                            "label": "Gallery",
                            "name": "gallery",
                            "type": "clone",
                            "instructions": "",
                            "required": 0,
                            "conditional_logic": 0,
                            "wrapper": {
                                "width": "",
                                "class": "",
                                "id": ""
                            },
                            "clone": [
                                "group_58d04c668f8a3"
                            ],
                            "display": "seamless",
                            "layout": "block",
                            "prefix_label": 0,
                            "prefix_name": 0
                        }
                    ],
                    "min": "",
                    "max": ""
                },
                {
                    "key": "58d071641757b",
                    "name": "testimonial-module",
                    "label": "Testimonial",
                    "display": "block",
                    "sub_fields": [
                        {
                            "key": "field_58dd9a2997aaf",
                            "label": "Testimonial",
                            "name": "testimonial",
                            "type": "clone",
                            "instructions": "",
                            "required": 0,
                            "conditional_logic": 0,
                            "wrapper": {
                                "width": "",
                                "class": "",
                                "id": ""
                            },
                            "clone": [
                                "group_58d02632b2600"
                            ],
                            "display": "seamless",
                            "layout": "block",
                            "prefix_label": 0,
                            "prefix_name": 0
                        }
                    ],
                    "min": "",
                    "max": ""
                },
                {
                    "key": "58d160550adfb",
                    "name": "vid-block-module",
                    "label": "Video Block",
                    "display": "block",
                    "sub_fields": [
                        {
                            "key": "field_58dd9a2997ab0",
                            "label": "Vid Block",
                            "name": "vid_block",
                            "type": "clone",
                            "instructions": "",
                            "required": 0,
                            "conditional_logic": 0,
                            "wrapper": {
                                "width": "",
                                "class": "",
                                "id": ""
                            },
                            "clone": [
                                "group_58d15b26ae1d0"
                            ],
                            "display": "seamless",
                            "layout": "block",
                            "prefix_label": 0,
                            "prefix_name": 0
                        }
                    ],
                    "min": "",
                    "max": ""
                },
                {
                    "key": "58de8586b8e72",
                    "name": "logos-module",
                    "label": "Logos",
                    "display": "block",
                    "sub_fields": [
                        {
                            "key": "field_58de859eb8e74",
                            "label": "Logos",
                            "name": "logos-module",
                            "type": "clone",
                            "instructions": "",
                            "required": 0,
                            "conditional_logic": 0,
                            "wrapper": {
                                "width": "",
                                "class": "",
                                "id": ""
                            },
                            "clone": [
                                "group_58de756f419f1"
                            ],
                            "display": "seamless",
                            "layout": "block",
                            "prefix_label": 0,
                            "prefix_name": 0
                        }
                    ],
                    "min": "",
                    "max": ""
                }
            ]
        }
    ],
    "location": [
        [
            {
                "param": "page",
                "operator": "==",
                "value": "201"
            }
        ]
    ],
    "menu_order": 0,
    "position": "normal",
    "style": "default",
    "label_placement": "top",
    "instruction_placement": "label",
    "hide_on_screen": "",
    "active": 1,
    "description": "",
    "modified": 1490983392
}