{
    "key": "group_58d01e31bdf35",
    "title": "Case Studies",
    "fields": [
        {
            "key": "field_58d01e38f678b",
            "label": "Price",
            "name": "cs_price",
            "type": "text",
            "instructions": "",
            "required": 0,
            "conditional_logic": 0,
            "wrapper": {
                "width": "50",
                "class": "",
                "id": ""
            },
            "default_value": "",
            "placeholder": "",
            "prepend": "",
            "append": "",
            "maxlength": ""
        },
        {
            "key": "field_58d01e54f678c",
            "label": "Cap Rate",
            "name": "cs_cap_rate",
            "type": "text",
            "instructions": "",
            "required": 0,
            "conditional_logic": 0,
            "wrapper": {
                "width": "50",
                "class": "",
                "id": ""
            },
            "default_value": "",
            "placeholder": "",
            "prepend": "",
            "append": "",
            "maxlength": ""
        },
        {
            "key": "field_58d0218be37a3",
            "label": "Team Members",
            "name": "cs_team",
            "type": "relationship",
            "instructions": "Select team members associated with this project",
            "required": 0,
            "conditional_logic": 0,
            "wrapper": {
                "width": "",
                "class": "",
                "id": ""
            },
            "post_type": [
                "team"
            ],
            "taxonomy": [
                
            ],
            "filters": [
                "search"
            ],
            "elements": "",
            "min": "",
            "max": "",
            "return_format": "object"
        },
        {
            "key": "field_58d0224fe37a4",
            "label": "Intro Content",
            "name": "cs_intro",
            "type": "wysiwyg",
            "instructions": "",
            "required": 0,
            "conditional_logic": 0,
            "wrapper": {
                "width": "",
                "class": "",
                "id": ""
            },
            "default_value": "",
            "tabs": "all",
            "toolbar": "full",
            "media_upload": 0
        },
        {
            "key": "field_58d14dc9e1efe",
            "label": "Location Map",
            "name": "cs_location_map",
            "type": "google_map",
            "instructions": "Type and select the location to map",
            "required": 0,
            "conditional_logic": 0,
            "wrapper": {
                "width": "",
                "class": "",
                "id": ""
            },
            "center_lat": "",
            "center_lng": "",
            "zoom": "",
            "height": 300
        }
    ],
    "location": [
        [
            {
                "param": "post_type",
                "operator": "==",
                "value": "case_studies"
            }
        ]
    ],
    "menu_order": 0,
    "position": "acf_after_title",
    "style": "default",
    "label_placement": "top",
    "instruction_placement": "label",
    "hide_on_screen": "",
    "active": 1,
    "description": "",
    "modified": 1490112905
}