{
    "key": "group_5970e2c86f405",
    "title": "Site Menu",
    "fields": [
        {
            "key": "field_5970e2cd291fd",
            "label": "Site Menu",
            "name": "site_menu",
            "type": "repeater",
            "instructions": "",
            "required": 0,
            "conditional_logic": 0,
            "wrapper": {
                "width": "",
                "class": "",
                "id": ""
            },
            "collapsed": "",
            "min": 0,
            "max": 0,
            "layout": "block",
            "button_label": "Add menu item",
            "sub_fields": [
                {
                    "key": "field_5970e2da291fe",
                    "label": "Page Name",
                    "name": "name",
                    "type": "text",
                    "instructions": "",
                    "required": 0,
                    "conditional_logic": 0,
                    "wrapper": {
                        "width": "33.333",
                        "class": "",
                        "id": ""
                    },
                    "default_value": "",
                    "placeholder": "",
                    "prepend": "",
                    "append": "",
                    "maxlength": ""
                },
                {
                    "key": "field_5970e2eb291ff",
                    "label": "Page Link",
                    "name": "link",
                    "type": "page_link",
                    "instructions": "",
                    "required": 0,
                    "conditional_logic": 0,
                    "wrapper": {
                        "width": "33.33",
                        "class": "",
                        "id": ""
                    },
                    "post_type": [
                        "page",
                        "case_studies",
                        "events",
                        "regions",
                        "team",
                        "conferences"
                    ],
                    "taxonomy": [
                        
                    ],
                    "allow_null": 0,
                    "allow_archives": 1,
                    "multiple": 0
                },
                {
                    "key": "field_5970f4b9991c2",
                    "label": "External Page Link",
                    "name": "external_link",
                    "type": "url",
                    "instructions": "",
                    "required": 0,
                    "conditional_logic": 0,
                    "wrapper": {
                        "width": "33.33",
                        "class": "",
                        "id": ""
                    },
                    "default_value": "",
                    "placeholder": ""
                },
                {
                    "key": "field_5970e30129200",
                    "label": "Menu Image",
                    "name": "image",
                    "type": "image",
                    "instructions": "",
                    "required": 0,
                    "conditional_logic": 0,
                    "wrapper": {
                        "width": "",
                        "class": "",
                        "id": ""
                    },
                    "return_format": "array",
                    "preview_size": "thumbnail",
                    "library": "all",
                    "min_width": "",
                    "min_height": "",
                    "min_size": "",
                    "max_width": "",
                    "max_height": "",
                    "max_size": "",
                    "mime_types": ""
                }
            ]
        }
    ],
    "location": [
        [
            {
                "param": "options_page",
                "operator": "==",
                "value": "site-menu"
            }
        ]
    ],
    "menu_order": 0,
    "position": "normal",
    "style": "default",
    "label_placement": "top",
    "instruction_placement": "label",
    "hide_on_screen": "",
    "active": 1,
    "description": "",
    "modified": 1500574948
}