{
    "key": "group_58c5511266b6b",
    "title": "Masts",
    "fields": [
        {
            "key": "field_58d002917af57",
            "label": "Content",
            "name": "",
            "type": "tab",
            "instructions": "",
            "required": 0,
            "conditional_logic": 0,
            "wrapper": {
                "width": "",
                "class": "",
                "id": ""
            },
            "placement": "top",
            "endpoint": 0
        },
        {
            "key": "field_58c5512588dfd",
            "label": "Mast Pretitle",
            "name": "mast_pretitle",
            "type": "text",
            "instructions": "",
            "required": 0,
            "conditional_logic": 0,
            "wrapper": {
                "width": "",
                "class": "",
                "id": ""
            },
            "default_value": "",
            "placeholder": "",
            "prepend": "",
            "append": "",
            "maxlength": ""
        },
        {
            "key": "field_58c5511788dfc",
            "label": "Mast Title",
            "name": "mast_title",
            "type": "text",
            "instructions": "",
            "required": 0,
            "conditional_logic": 0,
            "wrapper": {
                "width": "",
                "class": "",
                "id": ""
            },
            "default_value": "",
            "placeholder": "",
            "prepend": "",
            "append": "",
            "maxlength": ""
        },
        {
            "key": "field_58c5512f88dfe",
            "label": "Mast Text",
            "name": "mast_text",
            "type": "text",
            "instructions": "",
            "required": 0,
            "conditional_logic": 0,
            "wrapper": {
                "width": "",
                "class": "",
                "id": ""
            },
            "default_value": "",
            "placeholder": "",
            "prepend": "",
            "append": "",
            "maxlength": ""
        },
        {
            "key": "field_58d0029f7af58",
            "label": "Styles",
            "name": "",
            "type": "tab",
            "instructions": "",
            "required": 0,
            "conditional_logic": 0,
            "wrapper": {
                "width": "",
                "class": "",
                "id": ""
            },
            "placement": "top",
            "endpoint": 0
        },
        {
            "key": "field_58d002ac7af59",
            "label": "Bg Color",
            "name": "mast_bg_color",
            "type": "select",
            "instructions": "",
            "required": 0,
            "conditional_logic": 0,
            "wrapper": {
                "width": "",
                "class": "",
                "id": ""
            },
            "choices": {
                "bg-darkgrey": "Dark Grey \/ South",
                "bg-white": "White",
                "bg-lightgrey": "Light Grey",
                "bg-alpha": "Red \/ North East",
                "bg-beta": "Gold \/ PDX \/ PNW",
                "bg-delta": "Light Blue \/ SFO \/ Westcoast",
                "bg-gamma": "Grey-Blue \/ SEA \/ Midwest"
            },
            "default_value": [
                
            ],
            "allow_null": 0,
            "multiple": 0,
            "ui": 0,
            "ajax": 0,
            "return_format": "value",
            "placeholder": ""
        }
    ],
    "location": [
        [
            {
                "param": "post_type",
                "operator": "==",
                "value": "page"
            }
        ],
        [
            {
                "param": "options_page",
                "operator": "==",
                "value": "acf-options-blog-index"
            }
        ],
        [
            {
                "param": "options_page",
                "operator": "==",
                "value": "cpt-acf-case_studies"
            }
        ],
        [
            {
                "param": "post_type",
                "operator": "==",
                "value": "regions"
            }
        ]
    ],
    "menu_order": 0,
    "position": "acf_after_title",
    "style": "default",
    "label_placement": "top",
    "instruction_placement": "label",
    "hide_on_screen": "",
    "active": 1,
    "description": "",
    "modified": 1492130962
}