{
    "key": "group_58e7f0a126bb8",
    "title": "Home Slides",
    "fields": [
        {
            "key": "field_58e7f1c56d2aa",
            "label": "Slide Pretitle",
            "name": "slide_pretitle",
            "type": "text",
            "instructions": "Provide text for the slide's pretitle, which is",
            "required": 0,
            "conditional_logic": 0,
            "wrapper": {
                "width": "",
                "class": "",
                "id": ""
            },
            "default_value": "",
            "placeholder": "",
            "prepend": "",
            "append": "",
            "maxlength": ""
        },
        {
            "key": "field_58e7f0aa88e37",
            "label": "Slide Title",
            "name": "slide_title",
            "type": "textarea",
            "instructions": "Add a 2 word Title. Use a line break for each new word.",
            "required": 0,
            "conditional_logic": 0,
            "wrapper": {
                "width": "",
                "class": "",
                "id": ""
            },
            "default_value": "",
            "placeholder": "",
            "maxlength": "",
            "rows": 2,
            "new_lines": ""
        },
        {
            "key": "field_58e7f13288e38",
            "label": "Slide Text",
            "name": "slide_text",
            "type": "textarea",
            "instructions": "Add a short sentence.",
            "required": 0,
            "conditional_logic": 0,
            "wrapper": {
                "width": "",
                "class": "",
                "id": ""
            },
            "default_value": "",
            "placeholder": "",
            "maxlength": "",
            "rows": 2,
            "new_lines": ""
        },
        {
            "key": "field_58e7f16e88e3a",
            "label": "Slide Link",
            "name": "slide_link",
            "type": "page_link",
            "instructions": "Select a page",
            "required": 0,
            "conditional_logic": 0,
            "wrapper": {
                "width": "50",
                "class": "",
                "id": ""
            },
            "post_type": [
                
            ],
            "taxonomy": [
                
            ],
            "allow_null": 0,
            "allow_archives": 1,
            "multiple": 0
        },
        {
            "key": "field_58e7f14888e39",
            "label": "Slide Button",
            "name": "slide_button",
            "type": "text",
            "instructions": "Provide text for the button.",
            "required": 0,
            "conditional_logic": 0,
            "wrapper": {
                "width": "50",
                "class": "",
                "id": ""
            },
            "default_value": "",
            "placeholder": "",
            "prepend": "",
            "append": "",
            "maxlength": ""
        },
        {
            "key": "field_58e7f6096d2ab",
            "label": "Slide Images",
            "name": "slide_images",
            "type": "repeater",
            "instructions": "",
            "required": 0,
            "conditional_logic": 0,
            "wrapper": {
                "width": "",
                "class": "",
                "id": ""
            },
            "collapsed": "",
            "min": 0,
            "max": 0,
            "layout": "table",
            "button_label": "",
            "sub_fields": [
                {
                    "key": "field_58e7f6116d2ac",
                    "label": "Image",
                    "name": "image",
                    "type": "image",
                    "instructions": "Upload images - jpg sized to 2000 x 1200",
                    "required": 0,
                    "conditional_logic": 0,
                    "wrapper": {
                        "width": "",
                        "class": "",
                        "id": ""
                    },
                    "return_format": "array",
                    "preview_size": "thumbnail",
                    "library": "all",
                    "min_width": 2000,
                    "min_height": 1200,
                    "min_size": "",
                    "max_width": 2000,
                    "max_height": 1600,
                    "max_size": 800,
                    "mime_types": "jpg"
                }
            ]
        }
    ],
    "location": [
        [
            {
                "param": "post_type",
                "operator": "==",
                "value": "home_slides"
            }
        ]
    ],
    "menu_order": 0,
    "position": "normal",
    "style": "default",
    "label_placement": "top",
    "instruction_placement": "label",
    "hide_on_screen": "",
    "active": 1,
    "description": "",
    "modified": 1491607139
}