{
    "key": "group_58d0228d9b0c4",
    "title": "Modules - Case Studies",
    "fields": [
        {
            "key": "field_58d0229649a27",
            "label": "Case Study Modules",
            "name": "modules",
            "type": "flexible_content",
            "instructions": "",
            "required": 0,
            "conditional_logic": 0,
            "wrapper": {
                "width": "",
                "class": "",
                "id": ""
            },
            "button_label": "Add Module",
            "min": "",
            "max": "",
            "layouts": [
                {
                    "key": "58d0504c24ea7",
                    "name": "heading-module",
                    "label": "Heading",
                    "display": "block",
                    "sub_fields": [
                        {
                            "key": "field_58d0504c24ea8",
                            "label": "heading",
                            "name": "heading",
                            "type": "clone",
                            "instructions": "",
                            "required": 0,
                            "conditional_logic": 0,
                            "wrapper": {
                                "width": "",
                                "class": "",
                                "id": ""
                            },
                            "clone": [
                                "group_58d01ed6ef739"
                            ],
                            "display": "seamless",
                            "layout": "block",
                            "prefix_label": 0,
                            "prefix_name": 0
                        }
                    ],
                    "min": "",
                    "max": ""
                },
                {
                    "key": "58d059ac92d11",
                    "name": "gallery-module",
                    "label": "Gallery",
                    "display": "block",
                    "sub_fields": [
                        {
                            "key": "field_58d059ac92d12",
                            "label": "Gallery",
                            "name": "gallery",
                            "type": "clone",
                            "instructions": "",
                            "required": 0,
                            "conditional_logic": 0,
                            "wrapper": {
                                "width": "",
                                "class": "",
                                "id": ""
                            },
                            "clone": [
                                "group_58d04c668f8a3"
                            ],
                            "display": "seamless",
                            "layout": "block",
                            "prefix_label": 0,
                            "prefix_name": 0
                        }
                    ],
                    "min": "",
                    "max": ""
                },
                {
                    "key": "58d071641757b",
                    "name": "testimonial-module",
                    "label": "Testimonial",
                    "display": "block",
                    "sub_fields": [
                        {
                            "key": "field_58d071641757c",
                            "label": "Testimonial",
                            "name": "testimonial",
                            "type": "clone",
                            "instructions": "",
                            "required": 0,
                            "conditional_logic": 0,
                            "wrapper": {
                                "width": "",
                                "class": "",
                                "id": ""
                            },
                            "clone": [
                                "group_58d02632b2600"
                            ],
                            "display": "seamless",
                            "layout": "block",
                            "prefix_label": 0,
                            "prefix_name": 0
                        }
                    ],
                    "min": "",
                    "max": ""
                },
                {
                    "key": "58d160550adfb",
                    "name": "vid-block-module",
                    "label": "Video Block",
                    "display": "block",
                    "sub_fields": [
                        {
                            "key": "field_58d1606b0adfd",
                            "label": "Vid Block",
                            "name": "vid_block",
                            "type": "clone",
                            "instructions": "",
                            "required": 0,
                            "conditional_logic": 0,
                            "wrapper": {
                                "width": "",
                                "class": "",
                                "id": ""
                            },
                            "clone": [
                                "group_58d15b26ae1d0"
                            ],
                            "display": "seamless",
                            "layout": "block",
                            "prefix_label": 0,
                            "prefix_name": 0
                        }
                    ],
                    "min": "",
                    "max": ""
                },
                {
                    "key": "58d16dad3acda",
                    "name": "caption-slider-module",
                    "label": "Caption Slider",
                    "display": "block",
                    "sub_fields": [
                        {
                            "key": "field_58d16dad3acdb",
                            "label": "Caption Slider",
                            "name": "caption_slider",
                            "type": "clone",
                            "instructions": "",
                            "required": 0,
                            "conditional_logic": 0,
                            "wrapper": {
                                "width": "",
                                "class": "",
                                "id": ""
                            },
                            "clone": [
                                "group_58d166d371536"
                            ],
                            "display": "seamless",
                            "layout": "block",
                            "prefix_label": 0,
                            "prefix_name": 0
                        }
                    ],
                    "min": "",
                    "max": ""
                }
            ]
        }
    ],
    "location": [
        [
            {
                "param": "post_type",
                "operator": "==",
                "value": "case_studies"
            }
        ]
    ],
    "menu_order": 0,
    "position": "normal",
    "style": "default",
    "label_placement": "top",
    "instruction_placement": "label",
    "hide_on_screen": "",
    "active": 1,
    "description": "",
    "modified": 1490120230
}