{
    "key": "group_58e28f8da264f",
    "title": "Contact page",
    "fields": [
        {
            "key": "field_58e290a9d7b32",
            "label": "Contact CTA Banner",
            "name": "",
            "type": "message",
            "instructions": "",
            "required": 0,
            "conditional_logic": 0,
            "wrapper": {
                "width": "",
                "class": "",
                "id": ""
            },
            "message": "The following fields construct the Contact Page CTA Banner.",
            "new_lines": "wpautop",
            "esc_html": 0
        },
        {
            "key": "field_58e28f91d7b2a",
            "label": "Contact CTA Title",
            "name": "contact_cta_title",
            "type": "text",
            "instructions": "",
            "required": 0,
            "conditional_logic": 0,
            "wrapper": {
                "width": "",
                "class": "",
                "id": ""
            },
            "default_value": "",
            "placeholder": "",
            "prepend": "",
            "append": "",
            "maxlength": ""
        },
        {
            "key": "field_58e28fded7b2b",
            "label": "Contat CTA Text",
            "name": "contact_cta_text",
            "type": "textarea",
            "instructions": "",
            "required": 0,
            "conditional_logic": 0,
            "wrapper": {
                "width": "",
                "class": "",
                "id": ""
            },
            "default_value": "",
            "placeholder": "",
            "maxlength": "",
            "rows": 2,
            "new_lines": ""
        },
        {
            "key": "field_58e28ff4d7b2c",
            "label": "Contact CTA Link",
            "name": "contact_cta_link",
            "type": "page_link",
            "instructions": "",
            "required": 0,
            "conditional_logic": 0,
            "wrapper": {
                "width": "50",
                "class": "",
                "id": ""
            },
            "post_type": [
                
            ],
            "taxonomy": [
                
            ],
            "allow_null": 0,
            "allow_archives": 1,
            "multiple": 0
        },
        {
            "key": "field_58e29003d7b2d",
            "label": "Contact CTA Link Text",
            "name": "contact_cta_link_text",
            "type": "text",
            "instructions": "",
            "required": 0,
            "conditional_logic": 0,
            "wrapper": {
                "width": "50",
                "class": "",
                "id": ""
            },
            "default_value": "",
            "placeholder": "ie; Learn More",
            "prepend": "",
            "append": "",
            "maxlength": ""
        },
        {
            "key": "field_58e2914985e80",
            "label": "Contact CTA Image",
            "name": "contact_cta_img",
            "type": "image",
            "instructions": "",
            "required": 0,
            "conditional_logic": 0,
            "wrapper": {
                "width": "",
                "class": "",
                "id": ""
            },
            "return_format": "array",
            "preview_size": "thumbnail",
            "library": "all",
            "min_width": "",
            "min_height": "",
            "min_size": "",
            "max_width": "",
            "max_height": "",
            "max_size": "",
            "mime_types": ""
        },
        {
            "key": "field_58e29019d7b2e",
            "label": "Careers CTA",
            "name": "",
            "type": "message",
            "instructions": "",
            "required": 0,
            "conditional_logic": 0,
            "wrapper": {
                "width": "",
                "class": "",
                "id": ""
            },
            "message": "The following fields construct the Careers CTA",
            "new_lines": "wpautop",
            "esc_html": 0
        },
        {
            "key": "field_58e2903ad7b2f",
            "label": "Careers CTA Title",
            "name": "careers_cta_title",
            "type": "text",
            "instructions": "",
            "required": 0,
            "conditional_logic": 0,
            "wrapper": {
                "width": "",
                "class": "",
                "id": ""
            },
            "default_value": "",
            "placeholder": "",
            "prepend": "",
            "append": "",
            "maxlength": ""
        },
        {
            "key": "field_58e2904bd7b30",
            "label": "Careers CTA Link",
            "name": "careers_cta_link",
            "type": "text",
            "instructions": "Provide the Careers Link",
            "required": 0,
            "conditional_logic": 0,
            "wrapper": {
                "width": "50",
                "class": "",
                "id": ""
            },
            "default_value": "",
            "placeholder": "",
            "prepend": "",
            "append": "",
            "maxlength": ""
        },
        {
            "key": "field_58e2905cd7b31",
            "label": "Careers CTA Link Text",
            "name": "careers_cta_link_text",
            "type": "text",
            "instructions": "",
            "required": 0,
            "conditional_logic": 0,
            "wrapper": {
                "width": "50",
                "class": "",
                "id": ""
            },
            "default_value": "",
            "placeholder": "",
            "prepend": "",
            "append": "",
            "maxlength": ""
        }
    ],
    "location": [
        [
            {
                "param": "page",
                "operator": "==",
                "value": "304"
            }
        ]
    ],
    "menu_order": 2,
    "position": "acf_after_title",
    "style": "default",
    "label_placement": "top",
    "instruction_placement": "label",
    "hide_on_screen": "",
    "active": 1,
    "description": "",
    "modified": 1491244185
}