{
    "key": "group_58d15b26ae1d0",
    "title": "Video Block",
    "fields": [
        {
            "key": "field_58d15f883229c",
            "label": "Content",
            "name": "",
            "type": "tab",
            "instructions": "",
            "required": 0,
            "conditional_logic": 0,
            "wrapper": {
                "width": "",
                "class": "",
                "id": ""
            },
            "placement": "top",
            "endpoint": 0
        },
        {
            "key": "field_58d15b2d32297",
            "label": "Video Title",
            "name": "vid_title",
            "type": "text",
            "instructions": "",
            "required": 0,
            "conditional_logic": 0,
            "wrapper": {
                "width": "50",
                "class": "",
                "id": ""
            },
            "default_value": "",
            "placeholder": "",
            "prepend": "",
            "append": "",
            "maxlength": ""
        },
        {
            "key": "field_58d15eb932298",
            "label": "Video Link Text",
            "name": "vid_link_text",
            "type": "text",
            "instructions": "",
            "required": 0,
            "conditional_logic": 0,
            "wrapper": {
                "width": "50",
                "class": "",
                "id": ""
            },
            "default_value": "",
            "placeholder": "ie; Watch Video",
            "prepend": "",
            "append": "",
            "maxlength": 20
        },
        {
            "key": "field_58d15ed932299",
            "label": "Video Vimeo ID",
            "name": "vid_vimeo_id",
            "type": "text",
            "instructions": "Provide the numeric share ID",
            "required": 0,
            "conditional_logic": 0,
            "wrapper": {
                "width": "50",
                "class": "",
                "id": ""
            },
            "default_value": "",
            "placeholder": "ie; 72949159",
            "prepend": "",
            "append": "",
            "maxlength": ""
        },
        {
            "key": "field_58d15ee93229a",
            "label": "Video File Name",
            "name": "vid_file_name",
            "type": "text",
            "instructions": "Provide filename for background loop",
            "required": 0,
            "conditional_logic": 0,
            "wrapper": {
                "width": "50",
                "class": "",
                "id": ""
            },
            "default_value": "",
            "placeholder": "",
            "prepend": "",
            "append": "",
            "maxlength": ""
        },
        {
            "key": "field_58d15ef83229b",
            "label": "Video Placeholder Image",
            "name": "vid_image",
            "type": "image",
            "instructions": "",
            "required": 0,
            "conditional_logic": 0,
            "wrapper": {
                "width": "",
                "class": "",
                "id": ""
            },
            "return_format": "array",
            "preview_size": "thumbnail",
            "library": "all",
            "min_width": "",
            "min_height": "",
            "min_size": "",
            "max_width": "",
            "max_height": "",
            "max_size": "",
            "mime_types": ""
        },
        {
            "key": "field_58d15f923229d",
            "label": "Styles",
            "name": "",
            "type": "tab",
            "instructions": "",
            "required": 0,
            "conditional_logic": 0,
            "wrapper": {
                "width": "",
                "class": "",
                "id": ""
            },
            "placement": "top",
            "endpoint": 0
        },
        {
            "key": "field_58d15f9b3229e",
            "label": "Video Padding",
            "name": "vid_padding",
            "type": "select",
            "instructions": "",
            "required": 0,
            "conditional_logic": 0,
            "wrapper": {
                "width": "",
                "class": "",
                "id": ""
            },
            "choices": {
                "no-pad": "No Pad",
                "pad": "Default",
                "pad-med": "Medium",
                "pad-lg": "Large",
                "pad-b": "Bottom Pad",
                "pad-t": "Top Pad"
            },
            "default_value": [
                
            ],
            "allow_null": 0,
            "multiple": 0,
            "ui": 0,
            "ajax": 0,
            "return_format": "value",
            "placeholder": ""
        }
    ],
    "location": [
        [
            {
                "param": "widget",
                "operator": "==",
                "value": "tag_cloud"
            }
        ]
    ],
    "menu_order": 0,
    "position": "normal",
    "style": "default",
    "label_placement": "top",
    "instruction_placement": "label",
    "hide_on_screen": "",
    "active": 1,
    "description": "",
    "modified": 1490291238
}