{
    "key": "group_58f53a99c0f1d",
    "title": "Map Embeds",
    "fields": [
        {
            "key": "field_58f53aa15ff49",
            "label": "Map Embed",
            "name": "embed",
            "type": "textarea",
            "instructions": "",
            "required": 0,
            "conditional_logic": 0,
            "wrapper": {
                "width": "",
                "class": "",
                "id": ""
            },
            "default_value": "Paste in Map Iframe",
            "placeholder": "",
            "maxlength": "",
            "rows": 4,
            "new_lines": ""
        }
    ],
    "location": [
        [
            {
                "param": "widget",
                "operator": "==",
                "value": "tag_cloud"
            }
        ]
    ],
    "menu_order": 0,
    "position": "normal",
    "style": "default",
    "label_placement": "top",
    "instruction_placement": "label",
    "hide_on_screen": "",
    "active": 1,
    "description": "",
    "modified": 1492467052
}