{
    "key": "group_58efe36ee0f22",
    "title": "Modules - Regions",
    "fields": [
        {
            "key": "field_58efe36ee48ac",
            "label": "Region Modules",
            "name": "modules",
            "type": "flexible_content",
            "instructions": "",
            "required": 0,
            "conditional_logic": 0,
            "wrapper": {
                "width": "",
                "class": "",
                "id": ""
            },
            "button_label": "Add Module",
            "min": "",
            "max": "",
            "layouts": [
                {
                    "key": "58d0504c24ea7",
                    "name": "heading-module",
                    "label": "Heading",
                    "display": "block",
                    "sub_fields": [
                        {
                            "key": "field_58efe36ee621d",
                            "label": "heading",
                            "name": "heading",
                            "type": "clone",
                            "instructions": "",
                            "required": 0,
                            "conditional_logic": 0,
                            "wrapper": {
                                "width": "",
                                "class": "",
                                "id": ""
                            },
                            "clone": [
                                "group_58d01ed6ef739"
                            ],
                            "display": "seamless",
                            "layout": "block",
                            "prefix_label": 0,
                            "prefix_name": 0
                        }
                    ],
                    "min": "",
                    "max": ""
                },
                {
                    "key": "58d059ac92d11",
                    "name": "gallery-module",
                    "label": "Gallery",
                    "display": "block",
                    "sub_fields": [
                        {
                            "key": "field_58efe36ee622a",
                            "label": "Gallery",
                            "name": "gallery",
                            "type": "clone",
                            "instructions": "",
                            "required": 0,
                            "conditional_logic": 0,
                            "wrapper": {
                                "width": "",
                                "class": "",
                                "id": ""
                            },
                            "clone": [
                                "group_58d04c668f8a3"
                            ],
                            "display": "seamless",
                            "layout": "block",
                            "prefix_label": 0,
                            "prefix_name": 0
                        }
                    ],
                    "min": "",
                    "max": ""
                },
                {
                    "key": "58d071641757b",
                    "name": "testimonial-module",
                    "label": "Testimonial",
                    "display": "block",
                    "sub_fields": [
                        {
                            "key": "field_58efe36ee6235",
                            "label": "Testimonial",
                            "name": "testimonial",
                            "type": "clone",
                            "instructions": "",
                            "required": 0,
                            "conditional_logic": 0,
                            "wrapper": {
                                "width": "",
                                "class": "",
                                "id": ""
                            },
                            "clone": [
                                "group_58d02632b2600"
                            ],
                            "display": "seamless",
                            "layout": "block",
                            "prefix_label": 0,
                            "prefix_name": 0
                        }
                    ],
                    "min": "",
                    "max": ""
                },
                {
                    "key": "58d160550adfb",
                    "name": "vid-block-module",
                    "label": "Video Block",
                    "display": "block",
                    "sub_fields": [
                        {
                            "key": "field_58efe36ee623f",
                            "label": "Vid Block",
                            "name": "vid_block",
                            "type": "clone",
                            "instructions": "",
                            "required": 0,
                            "conditional_logic": 0,
                            "wrapper": {
                                "width": "",
                                "class": "",
                                "id": ""
                            },
                            "clone": [
                                "group_58d15b26ae1d0"
                            ],
                            "display": "seamless",
                            "layout": "block",
                            "prefix_label": 0,
                            "prefix_name": 0
                        }
                    ],
                    "min": "",
                    "max": ""
                },
                {
                    "key": "58d16dad3acda",
                    "name": "caption-slider-module",
                    "label": "Caption Slider",
                    "display": "block",
                    "sub_fields": [
                        {
                            "key": "field_58efe36ee6249",
                            "label": "Caption Slider",
                            "name": "caption_slider",
                            "type": "clone",
                            "instructions": "",
                            "required": 0,
                            "conditional_logic": 0,
                            "wrapper": {
                                "width": "",
                                "class": "",
                                "id": ""
                            },
                            "clone": [
                                "group_58d166d371536"
                            ],
                            "display": "seamless",
                            "layout": "block",
                            "prefix_label": 0,
                            "prefix_name": 0
                        }
                    ],
                    "min": "",
                    "max": ""
                },
                {
                    "key": "58efe56f0e9cf",
                    "name": "post-block-module",
                    "label": "Post Block Module",
                    "display": "block",
                    "sub_fields": [
                        {
                            "key": "field_58efe56f0e9d0",
                            "label": "Post Blocks",
                            "name": "post-blocks",
                            "type": "clone",
                            "instructions": "",
                            "required": 0,
                            "conditional_logic": 0,
                            "wrapper": {
                                "width": "",
                                "class": "",
                                "id": ""
                            },
                            "clone": [
                                "group_58ebc516a1bba"
                            ],
                            "display": "seamless",
                            "layout": "",
                            "prefix_label": 0,
                            "prefix_name": 0
                        }
                    ],
                    "min": "",
                    "max": ""
                },
                {
                    "key": "58efe5ab0e9d1",
                    "name": "intro-module",
                    "label": "Intro Module",
                    "display": "block",
                    "sub_fields": [
                        {
                            "key": "field_58efe5ab0e9d2",
                            "label": "Intros",
                            "name": "intros",
                            "type": "clone",
                            "instructions": "",
                            "required": 0,
                            "conditional_logic": 0,
                            "wrapper": {
                                "width": "",
                                "class": "",
                                "id": ""
                            },
                            "clone": [
                                "group_58ebc4f488bb4"
                            ],
                            "display": "seamless",
                            "layout": "block",
                            "prefix_label": 0,
                            "prefix_name": 0
                        }
                    ],
                    "min": "",
                    "max": ""
                },
                {
                    "key": "58f53b6a9d5d1",
                    "name": "embed-module",
                    "label": "Map Embed Module",
                    "display": "block",
                    "sub_fields": [
                        {
                            "key": "field_58f53b919d5d3",
                            "label": "Embed",
                            "name": "embed",
                            "type": "clone",
                            "instructions": "",
                            "required": 0,
                            "conditional_logic": 0,
                            "wrapper": {
                                "width": "",
                                "class": "",
                                "id": ""
                            },
                            "clone": [
                                "group_58f53a99c0f1d"
                            ],
                            "display": "seamless",
                            "layout": "block",
                            "prefix_label": 0,
                            "prefix_name": 0
                        }
                    ],
                    "min": "",
                    "max": ""
                }
            ]
        }
    ],
    "location": [
        [
            {
                "param": "post_type",
                "operator": "==",
                "value": "regions"
            }
        ]
    ],
    "menu_order": 0,
    "position": "normal",
    "style": "default",
    "label_placement": "top",
    "instruction_placement": "label",
    "hide_on_screen": "",
    "active": 1,
    "description": "",
    "modified": 1492466596
}