{
    "key": "group_58d04c668f8a3",
    "title": "Gallery",
    "fields": [
        {
            "key": "field_58de77ba94438",
            "label": "Gallery Width",
            "name": "gallery_width",
            "type": "select",
            "instructions": "Select a container width for the Gallery",
            "required": 0,
            "conditional_logic": 0,
            "wrapper": {
                "width": "50",
                "class": "",
                "id": ""
            },
            "choices": {
                "grid-full": "Full",
                "grid-xl": "Xl",
                "grid-lg": "Lg",
                "grid-med": "Med"
            },
            "default_value": [
                
            ],
            "allow_null": 0,
            "multiple": 0,
            "ui": 0,
            "ajax": 0,
            "return_format": "value",
            "placeholder": ""
        },
        {
            "key": "field_58de7a3847733",
            "label": "Image Padding",
            "name": "gallery_has_padding",
            "type": "true_false",
            "instructions": "Check to add padding to gallery images",
            "required": 0,
            "conditional_logic": 0,
            "wrapper": {
                "width": "50",
                "class": "",
                "id": ""
            },
            "message": "",
            "default_value": 0,
            "ui": 0,
            "ui_on_text": "",
            "ui_off_text": ""
        },
        {
            "key": "field_58d04c69a4daf",
            "label": "Gallery",
            "name": "gallery",
            "type": "repeater",
            "instructions": "Add and upload images and then select image size -100% or 50% width.\r\nIf selecting 50%, make sure that it's followed by another 50%.",
            "required": 0,
            "conditional_logic": 0,
            "wrapper": {
                "width": "",
                "class": "",
                "id": ""
            },
            "collapsed": "",
            "min": 1,
            "max": 0,
            "layout": "block",
            "button_label": "Add Image",
            "sub_fields": [
                {
                    "key": "field_58d04c7ba4db0",
                    "label": "Image",
                    "name": "image",
                    "type": "image",
                    "instructions": "",
                    "required": 0,
                    "conditional_logic": 0,
                    "wrapper": {
                        "width": "70",
                        "class": "",
                        "id": ""
                    },
                    "return_format": "array",
                    "preview_size": "thumbnail",
                    "library": "all",
                    "min_width": "",
                    "min_height": "",
                    "min_size": "",
                    "max_width": "",
                    "max_height": "",
                    "max_size": "0.8",
                    "mime_types": ""
                },
                {
                    "key": "field_58de779694437",
                    "label": "Size",
                    "name": "size",
                    "type": "select",
                    "instructions": "",
                    "required": 0,
                    "conditional_logic": 0,
                    "wrapper": {
                        "width": "30",
                        "class": "",
                        "id": ""
                    },
                    "choices": {
                        "gal-full": "100%",
                        "gal-half": "50%"
                    },
                    "default_value": [
                        
                    ],
                    "allow_null": 0,
                    "multiple": 0,
                    "ui": 0,
                    "ajax": 0,
                    "return_format": "value",
                    "placeholder": ""
                }
            ]
        }
    ],
    "location": [
        [
            {
                "param": "widget",
                "operator": "==",
                "value": "tag_cloud"
            }
        ]
    ],
    "menu_order": 0,
    "position": "normal",
    "style": "default",
    "label_placement": "top",
    "instruction_placement": "label",
    "hide_on_screen": "",
    "active": 1,
    "description": "",
    "modified": 1492028604
}