{
    "key": "group_58d1471e63708",
    "title": "Maps",
    "fields": [
        {
            "key": "field_58d147224ec72",
            "label": "Google Map",
            "name": "google_map",
            "type": "google_map",
            "instructions": "Type and select the address to map",
            "required": 0,
            "conditional_logic": 0,
            "wrapper": {
                "width": "",
                "class": "",
                "id": ""
            },
            "center_lat": "",
            "center_lng": "",
            "zoom": "",
            "height": 600
        }
    ],
    "location": [
        [
            {
                "param": "widget",
                "operator": "==",
                "value": "tag_cloud"
            }
        ]
    ],
    "menu_order": 0,
    "position": "normal",
    "style": "default",
    "label_placement": "top",
    "instruction_placement": "label",
    "hide_on_screen": "",
    "active": 1,
    "description": "",
    "modified": 1490291186
}