{
    "key": "group_58ebc516a1bba",
    "title": "Post Blocks",
    "fields": [
        {
            "key": "field_58f13fac1ff86",
            "label": "Main Content",
            "name": "",
            "type": "tab",
            "instructions": "",
            "required": 0,
            "conditional_logic": 0,
            "wrapper": {
                "width": "",
                "class": "",
                "id": ""
            },
            "placement": "top",
            "endpoint": 0
        },
        {
            "key": "field_58ebcca2ed39d",
            "label": "Post Blocks",
            "name": "post_blocks",
            "type": "repeater",
            "instructions": "",
            "required": 0,
            "conditional_logic": 0,
            "wrapper": {
                "width": "",
                "class": "",
                "id": ""
            },
            "collapsed": "",
            "min": 0,
            "max": 0,
            "layout": "block",
            "button_label": "Add Block",
            "sub_fields": [
                {
                    "key": "field_58ebccb1ed39e",
                    "label": "Pretitle",
                    "name": "pretitle",
                    "type": "text",
                    "instructions": "",
                    "required": 0,
                    "conditional_logic": 0,
                    "wrapper": {
                        "width": "",
                        "class": "",
                        "id": ""
                    },
                    "default_value": "",
                    "placeholder": "",
                    "prepend": "",
                    "append": "",
                    "maxlength": ""
                },
                {
                    "key": "field_58ebccb9ed39f",
                    "label": "Title",
                    "name": "title",
                    "type": "text",
                    "instructions": "",
                    "required": 0,
                    "conditional_logic": 0,
                    "wrapper": {
                        "width": "",
                        "class": "",
                        "id": ""
                    },
                    "default_value": "",
                    "placeholder": "",
                    "prepend": "",
                    "append": "",
                    "maxlength": ""
                },
                {
                    "key": "field_58ebccc2ed3a0",
                    "label": "Text",
                    "name": "text",
                    "type": "textarea",
                    "instructions": "",
                    "required": 0,
                    "conditional_logic": 0,
                    "wrapper": {
                        "width": "",
                        "class": "",
                        "id": ""
                    },
                    "default_value": "",
                    "placeholder": "",
                    "maxlength": "",
                    "rows": 3,
                    "new_lines": ""
                },
                {
                    "key": "field_58ebcccfed3a1",
                    "label": "Image",
                    "name": "image",
                    "type": "image",
                    "instructions": "",
                    "required": 0,
                    "conditional_logic": 0,
                    "wrapper": {
                        "width": "",
                        "class": "",
                        "id": ""
                    },
                    "return_format": "array",
                    "preview_size": "thumbnail",
                    "library": "all",
                    "min_width": "",
                    "min_height": "",
                    "min_size": "",
                    "max_width": "",
                    "max_height": "",
                    "max_size": "",
                    "mime_types": ""
                },
                {
                    "key": "field_58ebccdbed3a2",
                    "label": "Link (optional)",
                    "name": "link",
                    "type": "page_link",
                    "instructions": "",
                    "required": 0,
                    "conditional_logic": 0,
                    "wrapper": {
                        "width": "",
                        "class": "",
                        "id": ""
                    },
                    "post_type": [
                        
                    ],
                    "taxonomy": [
                        
                    ],
                    "allow_null": 0,
                    "allow_archives": 1,
                    "multiple": 0
                }
            ]
        },
        {
            "key": "field_58f13ef01ff81",
            "label": "Section Heading",
            "name": "",
            "type": "tab",
            "instructions": "",
            "required": 0,
            "conditional_logic": 0,
            "wrapper": {
                "width": "",
                "class": "",
                "id": ""
            },
            "placement": "top",
            "endpoint": 0
        },
        {
            "key": "field_58f13f791ff84",
            "label": "",
            "name": "",
            "type": "message",
            "instructions": "",
            "required": 0,
            "conditional_logic": 0,
            "wrapper": {
                "width": "",
                "class": "",
                "id": ""
            },
            "message": "Add an optional header section and title for the module",
            "new_lines": "wpautop",
            "esc_html": 0
        },
        {
            "key": "field_58ebe3b571119",
            "label": "Header Section Title",
            "name": "pbs_title",
            "type": "text",
            "instructions": "Add an optional section title for your post blocks.",
            "required": 0,
            "conditional_logic": 0,
            "wrapper": {
                "width": "",
                "class": "",
                "id": ""
            },
            "default_value": "",
            "placeholder": "",
            "prepend": "",
            "append": "",
            "maxlength": ""
        },
        {
            "key": "field_58f13f111ff82",
            "label": "Section Footer",
            "name": "",
            "type": "tab",
            "instructions": "",
            "required": 0,
            "conditional_logic": 0,
            "wrapper": {
                "width": "",
                "class": "",
                "id": ""
            },
            "placement": "top",
            "endpoint": 0
        },
        {
            "key": "field_58f13f4c1ff83",
            "label": "",
            "name": "",
            "type": "message",
            "instructions": "",
            "required": 0,
            "conditional_logic": 0,
            "wrapper": {
                "width": "",
                "class": "",
                "id": ""
            },
            "message": "Add an optional footer section link for the module",
            "new_lines": "wpautop",
            "esc_html": 0
        },
        {
            "key": "field_58ebe3dc7111a",
            "label": "Footer Section Link",
            "name": "pbs_link",
            "type": "page_link",
            "instructions": "Add a section footer link below your Post Blocks",
            "required": 0,
            "conditional_logic": 0,
            "wrapper": {
                "width": "50",
                "class": "",
                "id": ""
            },
            "post_type": [
                
            ],
            "taxonomy": [
                
            ],
            "allow_null": 0,
            "allow_archives": 1,
            "multiple": 0
        },
        {
            "key": "field_58ebe5377111c",
            "label": "Footer Section Link Text",
            "name": "pbs_link_text",
            "type": "text",
            "instructions": "Link text",
            "required": 0,
            "conditional_logic": 0,
            "wrapper": {
                "width": "50",
                "class": "",
                "id": ""
            },
            "default_value": "",
            "placeholder": "",
            "prepend": "",
            "append": "",
            "maxlength": ""
        },
        {
            "key": "field_58f13fc21bcc7",
            "label": "Styles",
            "name": "",
            "type": "tab",
            "instructions": "",
            "required": 0,
            "conditional_logic": 0,
            "wrapper": {
                "width": "",
                "class": "",
                "id": ""
            },
            "placement": "top",
            "endpoint": 0
        },
        {
            "key": "field_58f13ffca10f8",
            "label": "Post Blocks Padding",
            "name": "pbs_padding",
            "type": "select",
            "instructions": "Select Padding for the module",
            "required": 0,
            "conditional_logic": 0,
            "wrapper": {
                "width": "",
                "class": "",
                "id": ""
            },
            "choices": {
                "no-pad": "None",
                "pad-sm": "Small",
                "pad": "Default",
                "pad-lg": "Large",
                "pad-t": "Top",
                "pad-b": "Bottom"
            },
            "default_value": [
                "pad"
            ],
            "allow_null": 0,
            "multiple": 0,
            "ui": 0,
            "ajax": 0,
            "return_format": "value",
            "placeholder": ""
        }
    ],
    "location": [
        [
            {
                "param": "widget",
                "operator": "==",
                "value": "tag_cloud"
            }
        ]
    ],
    "menu_order": 0,
    "position": "normal",
    "style": "default",
    "label_placement": "top",
    "instruction_placement": "label",
    "hide_on_screen": "",
    "active": 1,
    "description": "",
    "modified": 1494006313
}