{
    "key": "group_58f101e70829c",
    "title": "Contact CTA",
    "fields": [
        {
            "key": "field_58f102f9d2223",
            "label": "Content",
            "name": "",
            "type": "tab",
            "instructions": "",
            "required": 0,
            "conditional_logic": 0,
            "wrapper": {
                "width": "",
                "class": "",
                "id": ""
            },
            "placement": "top",
            "endpoint": 0
        },
        {
            "key": "field_58f10203d221e",
            "label": "Contact CTA Pretitle",
            "name": "c_cta_pretitle",
            "type": "text",
            "instructions": "",
            "required": 0,
            "conditional_logic": 0,
            "wrapper": {
                "width": "30",
                "class": "",
                "id": ""
            },
            "default_value": "",
            "placeholder": "",
            "prepend": "",
            "append": "",
            "maxlength": ""
        },
        {
            "key": "field_58f101f0d221d",
            "label": "Contact CTA Title",
            "name": "c_cta_title",
            "type": "text",
            "instructions": "",
            "required": 0,
            "conditional_logic": 0,
            "wrapper": {
                "width": "70",
                "class": "",
                "id": ""
            },
            "default_value": "",
            "placeholder": "",
            "prepend": "",
            "append": "",
            "maxlength": ""
        },
        {
            "key": "field_58f102c7d2222",
            "label": "",
            "name": "",
            "type": "message",
            "instructions": "",
            "required": 0,
            "conditional_logic": 0,
            "wrapper": {
                "width": "",
                "class": "",
                "id": ""
            },
            "message": "Use a Page Link or Email address for the CTA Link",
            "new_lines": "wpautop",
            "esc_html": 0
        },
        {
            "key": "field_58f10211d221f",
            "label": "Contact CTA Link",
            "name": "c_cta_link",
            "type": "page_link",
            "instructions": "Select page link",
            "required": 0,
            "conditional_logic": 0,
            "wrapper": {
                "width": "33.33",
                "class": "",
                "id": ""
            },
            "post_type": [
                
            ],
            "taxonomy": [
                
            ],
            "allow_null": 0,
            "allow_archives": 1,
            "multiple": 0
        },
        {
            "key": "field_58f1029cd2221",
            "label": "Contact CTA Mail To",
            "name": "c_cta_email",
            "type": "email",
            "instructions": "Add an email address for the contact.",
            "required": 0,
            "conditional_logic": 0,
            "wrapper": {
                "width": "33.333",
                "class": "",
                "id": ""
            },
            "default_value": "",
            "placeholder": "",
            "prepend": "",
            "append": ""
        },
        {
            "key": "field_58f1022cd2220",
            "label": "Contact CTA Link Text",
            "name": "c_cta_link_text",
            "type": "text",
            "instructions": "Add CTA Link Text",
            "required": 0,
            "conditional_logic": 0,
            "wrapper": {
                "width": "33.333",
                "class": "",
                "id": ""
            },
            "default_value": "",
            "placeholder": "ie; Contact Us",
            "prepend": "",
            "append": "",
            "maxlength": ""
        },
        {
            "key": "field_58f10302d2224",
            "label": "Styles",
            "name": "",
            "type": "tab",
            "instructions": "Select a background color.",
            "required": 0,
            "conditional_logic": 0,
            "wrapper": {
                "width": "",
                "class": "",
                "id": ""
            },
            "placement": "top",
            "endpoint": 0
        },
        {
            "key": "field_58f10391bffeb",
            "label": "Contact CTA Background Color",
            "name": "c_cta_bg_color",
            "type": "select",
            "instructions": "",
            "required": 0,
            "conditional_logic": 0,
            "wrapper": {
                "width": "",
                "class": "",
                "id": ""
            },
            "choices": {
                "bg-darkgrey": "Dark Grey \/ South",
                "bg-white": "White",
                "bg-lightgrey": "Light Grey",
                "bg-alpha": "Red \/ North East",
                "bg-beta": "Gold \/ PDX \/ PNW",
                "bg-delta": "Light Blue \/ SFO \/ Westcoast",
                "bg-gamma": "Grey-Blue \/ SEA \/ Midwest"
            },
            "default_value": [
                "bg-beta"
            ],
            "allow_null": 0,
            "multiple": 0,
            "ui": 0,
            "ajax": 0,
            "return_format": "value",
            "placeholder": ""
        }
    ],
    "location": [
        [
            {
                "param": "post_type",
                "operator": "==",
                "value": "regions"
            }
        ],
        [
            {
                "param": "options_page",
                "operator": "==",
                "value": "cpt-acf-team"
            }
        ]
    ],
    "menu_order": 5,
    "position": "normal",
    "style": "default",
    "label_placement": "top",
    "instruction_placement": "label",
    "hide_on_screen": "",
    "active": 1,
    "description": "",
    "modified": 1492444646
}