{
    "key": "group_572398d867e84",
    "title": "Masts",
    "fields": [
        {
            "key": "field_5723990cfa3b9",
            "label": "Mast Title",
            "name": "mast_title",
            "type": "text",
            "instructions": "",
            "required": 0,
            "conditional_logic": 0,
            "wrapper": {
                "width": "",
                "class": "",
                "id": ""
            },
            "default_value": "",
            "placeholder": "",
            "prepend": "",
            "append": "",
            "maxlength": "",
            "readonly": 0,
            "disabled": 0
        },
        {
            "key": "field_57239915fa3ba",
            "label": "Mast Text",
            "name": "mast_text",
            "type": "textarea",
            "instructions": "Add a brief excerpt for the mast",
            "required": 0,
            "conditional_logic": 0,
            "wrapper": {
                "width": "",
                "class": "",
                "id": ""
            },
            "default_value": "",
            "placeholder": "",
            "maxlength": "",
            "rows": 2,
            "new_lines": "",
            "readonly": 0,
            "disabled": 0
        },
        {
            "key": "field_572399d4759df",
            "label": "Mast Heading",
            "name": "mast_heading",
            "type": "text",
            "instructions": "Add the section heading that appears fixed to the top left.",
            "required": 0,
            "conditional_logic": 0,
            "wrapper": {
                "width": "",
                "class": "",
                "id": ""
            },
            "default_value": "",
            "placeholder": "",
            "prepend": "",
            "append": "",
            "maxlength": "",
            "readonly": 0,
            "disabled": 0
        }
    ],
    "location": [
        [
            {
                "param": "page",
                "operator": "==",
                "value": "164"
            }
        ],
        [
            {
                "param": "page_template",
                "operator": "==",
                "value": "default"
            }
        ]
    ],
    "menu_order": 0,
    "position": "acf_after_title",
    "style": "default",
    "label_placement": "top",
    "instruction_placement": "label",
    "hide_on_screen": "",
    "active": 1,
    "description": "",
    "modified": 1461953835
}