{
    "key": "group_57168bd9004d7",
    "title": "SEO",
    "fields": [
        {
            "key": "field_57168bdc29f05",
            "label": "SEO Title",
            "name": "seo_title",
            "type": "text",
            "instructions": "Add an SEO Title for the page",
            "required": 0,
            "conditional_logic": 0,
            "wrapper": {
                "width": "",
                "class": "",
                "id": ""
            },
            "default_value": "",
            "placeholder": "",
            "prepend": "",
            "append": "",
            "maxlength": "",
            "readonly": 0,
            "disabled": 0
        },
        {
            "key": "field_57168bec29f06",
            "label": "SEO Description",
            "name": "seo_description",
            "type": "text",
            "instructions": "Briefly describe the page's content. It's best to incorporate keywords from the page and keep it under 160 characters",
            "required": 0,
            "conditional_logic": 0,
            "wrapper": {
                "width": "",
                "class": "",
                "id": ""
            },
            "default_value": "",
            "placeholder": "",
            "prepend": "",
            "append": "",
            "maxlength": "",
            "readonly": 0,
            "disabled": 0
        },
        {
            "key": "field_57168c0729f07",
            "label": "SEO Keywords",
            "name": "seo_keywords",
            "type": "text",
            "instructions": "Add up to 10 keywords, separated by commas. Note that Google no longer looks at the keywords meta.",
            "required": 0,
            "conditional_logic": 0,
            "wrapper": {
                "width": "",
                "class": "",
                "id": ""
            },
            "default_value": "",
            "placeholder": "",
            "prepend": "",
            "append": "",
            "maxlength": "",
            "readonly": 0,
            "disabled": 0
        }
    ],
    "location": [
        [
            {
                "param": "post_type",
                "operator": "==",
                "value": "post"
            }
        ],
        [
            {
                "param": "post_type",
                "operator": "==",
                "value": "page"
            }
        ],
        [
            {
                "param": "post_type",
                "operator": "==",
                "value": "work"
            }
        ],
        [
            {
                "param": "options_page",
                "operator": "==",
                "value": "cpt-acf-oss"
            }
        ],
        [
            {
                "param": "options_page",
                "operator": "==",
                "value": "cpt-acf-work"
            }
        ]
    ],
    "menu_order": 117,
    "position": "normal",
    "style": "default",
    "label_placement": "top",
    "instruction_placement": "label",
    "hide_on_screen": "",
    "active": 1,
    "description": "",
    "modified": 1471291075
}