{
    "key": "group_57d2cfbf7f96c",
    "title": "Formidable Promo",
    "fields": [
        {
            "key": "field_57d2d0dd59d06",
            "label": "Promo Title",
            "name": "promo_title",
            "type": "text",
            "instructions": "Provide the Promo Section's Title.",
            "required": 0,
            "conditional_logic": 0,
            "wrapper": {
                "width": "",
                "class": "",
                "id": ""
            },
            "default_value": "",
            "placeholder": "ie; We Are Formidable",
            "prepend": "",
            "append": "",
            "maxlength": "",
            "readonly": 0,
            "disabled": 0
        },
        {
            "key": "field_57d2cfcdeb564",
            "label": "Promo Text",
            "name": "promo_text",
            "type": "textarea",
            "instructions": "Provide text\/markup for the Formidable Promos that appear on Single Posts.",
            "required": 0,
            "conditional_logic": 0,
            "wrapper": {
                "width": "",
                "class": "",
                "id": ""
            },
            "default_value": "",
            "placeholder": "",
            "maxlength": "",
            "rows": "",
            "new_lines": "wpautop",
            "readonly": 0,
            "disabled": 0
        }
    ],
    "location": [
        [
            {
                "param": "options_page",
                "operator": "==",
                "value": "acf-options-promo-section"
            }
        ]
    ],
    "menu_order": 90,
    "position": "normal",
    "style": "default",
    "label_placement": "top",
    "instruction_placement": "label",
    "hide_on_screen": "",
    "active": 1,
    "description": "",
    "modified": 1473436199
}