{
    "key": "group_5717a34c96fca",
    "title": "About Sections",
    "fields": [
        {
            "key": "field_5717a354c55fe",
            "label": "About Intro Title",
            "name": "about_intro_title",
            "type": "text",
            "instructions": "",
            "required": 1,
            "conditional_logic": 0,
            "wrapper": {
                "width": "",
                "class": "",
                "id": ""
            },
            "default_value": "",
            "placeholder": "",
            "prepend": "",
            "append": "",
            "maxlength": "",
            "readonly": 0,
            "disabled": 0
        },
        {
            "key": "field_5717a37fc55ff",
            "label": "About Intro Content",
            "name": "about_intro_content",
            "type": "textarea",
            "instructions": "",
            "required": 1,
            "conditional_logic": 0,
            "wrapper": {
                "width": "",
                "class": "",
                "id": ""
            },
            "default_value": "",
            "placeholder": "",
            "maxlength": "",
            "rows": 4,
            "new_lines": "wpautop",
            "readonly": 0,
            "disabled": 0
        },
        {
            "key": "field_576497d157525",
            "label": "About Careers Content",
            "name": "about_careers_content",
            "type": "text",
            "instructions": "Add a sentence for the careers CTA link that appears after the Team Blocks.",
            "required": 0,
            "conditional_logic": 0,
            "wrapper": {
                "width": "",
                "class": "",
                "id": ""
            },
            "default_value": "",
            "placeholder": "ie; Looking to join the Team?",
            "prepend": "",
            "append": "",
            "maxlength": "",
            "readonly": 0,
            "disabled": 0
        },
        {
            "key": "field_5764984757526",
            "label": "About Careers Link",
            "name": "about_careers_link",
            "type": "text",
            "instructions": "Add some Text for the link",
            "required": 0,
            "conditional_logic": 0,
            "wrapper": {
                "width": "",
                "class": "",
                "id": ""
            },
            "default_value": "",
            "placeholder": "ie; Join The Team",
            "prepend": "",
            "append": "",
            "maxlength": "",
            "readonly": 0,
            "disabled": 0
        }
    ],
    "location": [
        [
            {
                "param": "page",
                "operator": "==",
                "value": "10"
            }
        ]
    ],
    "menu_order": 0,
    "position": "normal",
    "style": "default",
    "label_placement": "top",
    "instruction_placement": "label",
    "hide_on_screen": [
        "the_content",
        "excerpt",
        "custom_fields",
        "discussion",
        "comments",
        "slug",
        "author",
        "format",
        "page_attributes",
        "categories",
        "tags",
        "send-trackbacks"
    ],
    "active": 1,
    "description": "",
    "modified": 1466210414
}