{
    "key": "group_57176878d7841",
    "title": "OSS",
    "fields": [
        {
            "key": "field_57236fdb88480",
            "label": "Featured Landing Page?",
            "name": "oss_has_lp",
            "type": "true_false",
            "instructions": "Is this a featured OSS Project with a Landing Page? ",
            "required": 0,
            "conditional_logic": 0,
            "wrapper": {
                "width": "",
                "class": "",
                "id": ""
            },
            "message": "",
            "default_value": 0
        },
        {
            "key": "field_5717687e8fba3",
            "label": "OSS Subtitle",
            "name": "oss_subtitle",
            "type": "text",
            "instructions": "",
            "required": 1,
            "conditional_logic": 0,
            "wrapper": {
                "width": "",
                "class": "",
                "id": ""
            },
            "default_value": "",
            "placeholder": "ie; Composabale Ecosystem",
            "prepend": "",
            "append": "",
            "maxlength": "",
            "readonly": 0,
            "disabled": 0
        },
        {
            "key": "field_571769528fba5",
            "label": "OSS Excerpt",
            "name": "oss_excerpt",
            "type": "text",
            "instructions": "",
            "required": 1,
            "conditional_logic": 0,
            "wrapper": {
                "width": "",
                "class": "",
                "id": ""
            },
            "default_value": "",
            "placeholder": "ie; A set of tools to manage inline styles on React elements, giving you powerful styling capabilities without CSS.",
            "prepend": "",
            "append": "",
            "maxlength": "",
            "readonly": 0,
            "disabled": 0
        },
        {
            "key": "field_571769d28fba7",
            "label": "OSS Project Link",
            "name": "oss_link",
            "type": "text",
            "instructions": "Provide the link to the project.",
            "required": 1,
            "conditional_logic": 0,
            "wrapper": {
                "width": "",
                "class": "",
                "id": ""
            },
            "default_value": "",
            "placeholder": "ie; http:\/\/stack.formidable.com\/radium\/",
            "prepend": "",
            "append": "",
            "maxlength": "",
            "readonly": 0,
            "disabled": 0
        },
        {
            "key": "field_5747237e6815f",
            "label": "Non Featured Project Landing Page",
            "name": "non_featured_lp",
            "type": "url",
            "instructions": "Provide a landing page link for non-featured projects",
            "required": 0,
            "conditional_logic": [
                [
                    {
                        "field": "field_57236fdb88480",
                        "operator": "!=",
                        "value": "1"
                    }
                ]
            ],
            "wrapper": {
                "width": "",
                "class": "",
                "id": ""
            },
            "default_value": "",
            "placeholder": ""
        },
        {
            "key": "field_5717699b8fba6",
            "label": "OSS Preview Graphic",
            "name": "oss_image",
            "type": "image",
            "instructions": "Upload a transparent Png. Size to 900 x 900",
            "required": 0,
            "conditional_logic": [
                [
                    {
                        "field": "field_57236fdb88480",
                        "operator": "==",
                        "value": "1"
                    }
                ]
            ],
            "wrapper": {
                "width": "",
                "class": "",
                "id": ""
            },
            "return_format": "array",
            "preview_size": "thumbnail",
            "library": "all",
            "min_width": "",
            "min_height": "",
            "min_size": "",
            "max_width": "",
            "max_height": "",
            "max_size": "",
            "mime_types": ""
        },
        {
            "key": "field_5717720fdef1a",
            "label": "OSS Background Image",
            "name": "oss_bg_image",
            "type": "image",
            "instructions": "Upload the background image. Size: 2000 x 1250",
            "required": 0,
            "conditional_logic": [
                [
                    {
                        "field": "field_57236fdb88480",
                        "operator": "==",
                        "value": "1"
                    }
                ]
            ],
            "wrapper": {
                "width": "",
                "class": "",
                "id": ""
            },
            "return_format": "array",
            "preview_size": "thumbnail",
            "library": "all",
            "min_width": "",
            "min_height": "",
            "min_size": "",
            "max_width": "",
            "max_height": "",
            "max_size": "",
            "mime_types": ""
        },
        {
            "key": "field_571783948230c",
            "label": "Dark or Light Theme?",
            "name": "oss_theme",
            "type": "select",
            "instructions": "Select a color theme for this project.",
            "required": 0,
            "conditional_logic": [
                [
                    {
                        "field": "field_57236fdb88480",
                        "operator": "==",
                        "value": "1"
                    }
                ]
            ],
            "wrapper": {
                "width": "",
                "class": "",
                "id": ""
            },
            "choices": {
                "section--dark": "Dark Theme",
                "section--grey": "Grey Theme",
                "section--light": "Light Theme"
            },
            "default_value": [],
            "allow_null": 0,
            "multiple": 0,
            "ui": 0,
            "ajax": 0,
            "placeholder": "",
            "disabled": 0,
            "readonly": 0
        }
    ],
    "location": [
        [
            {
                "param": "post_type",
                "operator": "==",
                "value": "oss"
            }
        ]
    ],
    "menu_order": 0,
    "position": "normal",
    "style": "default",
    "label_placement": "top",
    "instruction_placement": "label",
    "hide_on_screen": [
        "permalink",
        "the_content",
        "excerpt",
        "custom_fields",
        "discussion",
        "comments",
        "revisions",
        "slug",
        "author",
        "format",
        "page_attributes",
        "featured_image",
        "categories",
        "tags",
        "send-trackbacks"
    ],
    "active": 1,
    "description": "",
    "modified": 1471478069
}