{
    "key": "group_572253668b3b2",
    "title": "Jobs",
    "fields": [
        {
            "key": "field_5722536cd3fc3",
            "label": "Job Description",
            "name": "job_excerpt",
            "type": "textarea",
            "instructions": "Provide an excerpt from the Lever (3rd party) job listing.",
            "required": 0,
            "conditional_logic": 0,
            "wrapper": {
                "width": "",
                "class": "",
                "id": ""
            },
            "default_value": "",
            "placeholder": "",
            "maxlength": "",
            "rows": 4,
            "new_lines": "",
            "readonly": 0,
            "disabled": 0
        },
        {
            "key": "field_5722537ed3fc4",
            "label": "Job Link",
            "name": "job_link",
            "type": "text",
            "instructions": "Provide a link to the Lever (3rd party) job posting.",
            "required": 0,
            "conditional_logic": 0,
            "wrapper": {
                "width": "",
                "class": "",
                "id": ""
            },
            "default_value": "",
            "placeholder": "",
            "prepend": "",
            "append": "",
            "maxlength": "",
            "readonly": 0,
            "disabled": 0
        }
    ],
    "location": [
        [
            {
                "param": "post_type",
                "operator": "==",
                "value": "jobs"
            }
        ]
    ],
    "menu_order": 0,
    "position": "normal",
    "style": "default",
    "label_placement": "top",
    "instruction_placement": "label",
    "hide_on_screen": [
        "the_content",
        "excerpt",
        "custom_fields",
        "discussion",
        "comments",
        "author",
        "format",
        "page_attributes",
        "featured_image",
        "categories",
        "tags",
        "send-trackbacks"
    ],
    "active": 1,
    "description": "",
    "modified": 1461872303
}