{
    "key": "group_5751ad4be3880",
    "title": "modules (copy)",
    "fields": [
        {
            "key": "field_5751ad4c08f78",
            "label": "modules",
            "name": "modules",
            "type": "flexible_content",
            "instructions": "Select a module, then follow prompts to add it's content. You can change the order that the modules appear via drag and drop.",
            "required": 0,
            "conditional_logic": 0,
            "wrapper": {
                "width": "",
                "class": "",
                "id": ""
            },
            "button_label": "Add Module",
            "min": "",
            "max": "",
            "layouts": [
                {
                    "key": "5717b00e6cf80",
                    "name": "intro-module",
                    "label": "Intro Module",
                    "display": "block",
                    "sub_fields": [
                        {
                            "key": "field_5751ad4c0debf",
                            "label": "Section Heading",
                            "name": "heading",
                            "type": "text",
                            "instructions": "Add section heading, which appears fixed to the top left of the section. It should define the section and it's proceeding content\/sections. \r\nie; The Challenge, The Approach, The Results",
                            "required": 0,
                            "conditional_logic": 0,
                            "wrapper": {
                                "width": "",
                                "class": "",
                                "id": ""
                            },
                            "default_value": "",
                            "placeholder": "ie; The Challange",
                            "prepend": "",
                            "append": "",
                            "maxlength": "",
                            "readonly": 0,
                            "disabled": 0
                        },
                        {
                            "key": "field_5751ad4c0df07",
                            "label": "Intro TOC Marker",
                            "name": "toc",
                            "type": "text",
                            "instructions": "Add a Table of Contents letter (A., B., C., etc)",
                            "required": 1,
                            "conditional_logic": 0,
                            "wrapper": {
                                "width": "",
                                "class": "",
                                "id": ""
                            },
                            "default_value": "",
                            "placeholder": "ie; A., B., C.",
                            "prepend": "",
                            "append": "",
                            "maxlength": "",
                            "readonly": 0,
                            "disabled": 0
                        },
                        {
                            "key": "field_5751ad4c0df16",
                            "label": "Intro TOC Title",
                            "name": "title",
                            "type": "text",
                            "instructions": "",
                            "required": 0,
                            "conditional_logic": 0,
                            "wrapper": {
                                "width": "",
                                "class": "",
                                "id": ""
                            },
                            "default_value": "",
                            "placeholder": "",
                            "prepend": "",
                            "append": "",
                            "maxlength": "",
                            "readonly": 0,
                            "disabled": 0
                        },
                        {
                            "key": "field_5751ad4c0df24",
                            "label": "Intro Content",
                            "name": "content",
                            "type": "wysiwyg",
                            "instructions": "",
                            "required": 1,
                            "conditional_logic": 0,
                            "wrapper": {
                                "width": "",
                                "class": "",
                                "id": ""
                            },
                            "default_value": "",
                            "tabs": "all",
                            "toolbar": "full",
                            "media_upload": 0
                        },
                        {
                            "key": "field_5751ad4c0df31",
                            "label": "Intro Background Image",
                            "name": "bg_image",
                            "type": "image",
                            "instructions": "Upload a background image for the intro section. Size to 2000 x 1250px",
                            "required": 0,
                            "conditional_logic": 0,
                            "wrapper": {
                                "width": "",
                                "class": "",
                                "id": ""
                            },
                            "return_format": "array",
                            "preview_size": "thumbnail",
                            "library": "all",
                            "min_width": "",
                            "min_height": "",
                            "min_size": "",
                            "max_width": "",
                            "max_height": "",
                            "max_size": "",
                            "mime_types": ""
                        },
                        {
                            "key": "field_5751ad4c0df3e",
                            "label": "Dark or Light Theme?",
                            "name": "color_theme",
                            "type": "select",
                            "instructions": "Select a light or dark color theme.",
                            "required": 0,
                            "conditional_logic": 0,
                            "wrapper": {
                                "width": "",
                                "class": "",
                                "id": ""
                            },
                            "choices": {
                                "section--dark": "Dark Theme",
                                "section--light": "Light Theme"
                            },
                            "default_value": [
                                "section--dark"
                            ],
                            "allow_null": 0,
                            "multiple": 0,
                            "ui": 0,
                            "ajax": 0,
                            "placeholder": "",
                            "disabled": 0,
                            "readonly": 0
                        }
                    ],
                    "min": "",
                    "max": ""
                },
                {
                    "key": "5717b932cd3a6",
                    "name": "content-module",
                    "label": "Content Module",
                    "display": "block",
                    "sub_fields": [
                        {
                            "key": "field_5751ad4c0df4b",
                            "label": "Section Heading",
                            "name": "heading",
                            "type": "text",
                            "instructions": "Add section heading, which appears fixed to the top left of the section. It should define the section and it's proceeding content\/sections.",
                            "required": 0,
                            "conditional_logic": 0,
                            "wrapper": {
                                "width": "",
                                "class": "",
                                "id": ""
                            },
                            "default_value": "",
                            "placeholder": "ie; Key Points",
                            "prepend": "",
                            "append": "",
                            "maxlength": "",
                            "readonly": 0,
                            "disabled": 0
                        },
                        {
                            "key": "field_5751ad4c0df58",
                            "label": "Content",
                            "name": "content-repeater",
                            "type": "repeater",
                            "instructions": "",
                            "required": 0,
                            "conditional_logic": 0,
                            "wrapper": {
                                "width": "",
                                "class": "",
                                "id": ""
                            },
                            "collapsed": "",
                            "min": 1,
                            "max": 2,
                            "layout": "table",
                            "button_label": "Add Column",
                            "sub_fields": [
                                {
                                    "key": "field_5751ad4c3240f",
                                    "label": "Column",
                                    "name": "column",
                                    "type": "wysiwyg",
                                    "instructions": "",
                                    "required": 0,
                                    "conditional_logic": 0,
                                    "wrapper": {
                                        "width": "",
                                        "class": "",
                                        "id": ""
                                    },
                                    "default_value": "",
                                    "tabs": "all",
                                    "toolbar": "full",
                                    "media_upload": 1
                                }
                            ]
                        }
                    ],
                    "min": "",
                    "max": ""
                },
                {
                    "key": "5717bc6431f8f",
                    "name": "screenshot-module",
                    "label": "Screenshot Module",
                    "display": "block",
                    "sub_fields": [
                        {
                            "key": "field_5751ad4c0df65",
                            "label": "Section Heading",
                            "name": "heading",
                            "type": "text",
                            "instructions": "Add section heading, which appears fixed to the top left of the section. It should define the section and it's proceeding content\/sections.",
                            "required": 0,
                            "conditional_logic": 0,
                            "wrapper": {
                                "width": "",
                                "class": "",
                                "id": ""
                            },
                            "default_value": "",
                            "placeholder": "",
                            "prepend": "",
                            "append": "",
                            "maxlength": "",
                            "readonly": 0,
                            "disabled": 0
                        },
                        {
                            "key": "field_5751ad4c0df73",
                            "label": "Screenshot Repeater",
                            "name": "screenshot-repeater",
                            "type": "repeater",
                            "instructions": "",
                            "required": 0,
                            "conditional_logic": 0,
                            "wrapper": {
                                "width": "",
                                "class": "",
                                "id": ""
                            },
                            "collapsed": "field_5717bc9731f91",
                            "min": 1,
                            "max": "",
                            "layout": "block",
                            "button_label": "Add Screenshot",
                            "sub_fields": [
                                {
                                    "key": "field_5751ad4c446da",
                                    "label": "Device",
                                    "name": "device",
                                    "type": "select",
                                    "instructions": "Select a device for your screenshot.",
                                    "required": 1,
                                    "conditional_logic": 0,
                                    "wrapper": {
                                        "width": "",
                                        "class": "",
                                        "id": ""
                                    },
                                    "choices": {
                                        "screenshot__browser": "Browser",
                                        "screenshot__tablet": "Tablet",
                                        "screenshot__phone": "Phone"
                                    },
                                    "default_value": [],
                                    "allow_null": 0,
                                    "multiple": 0,
                                    "ui": 0,
                                    "ajax": 0,
                                    "placeholder": "",
                                    "disabled": 0,
                                    "readonly": 0
                                },
                                {
                                    "key": "field_5751ad4c446e7",
                                    "label": "Screenshot",
                                    "name": "screenshot",
                                    "type": "image",
                                    "instructions": "Sizes:\r\n-browser: \r\n-tablet: \r\n-phone: ",
                                    "required": 1,
                                    "conditional_logic": 0,
                                    "wrapper": {
                                        "width": "",
                                        "class": "",
                                        "id": ""
                                    },
                                    "return_format": "array",
                                    "preview_size": "thumbnail",
                                    "library": "all",
                                    "min_width": "",
                                    "min_height": "",
                                    "min_size": "",
                                    "max_width": "",
                                    "max_height": "",
                                    "max_size": "",
                                    "mime_types": ""
                                },
                                {
                                    "key": "field_5751ad4c446fa",
                                    "label": "Caption",
                                    "name": "caption",
                                    "type": "text",
                                    "instructions": "Provide a caption for the screenshot (optional)",
                                    "required": 0,
                                    "conditional_logic": 0,
                                    "wrapper": {
                                        "width": "",
                                        "class": "",
                                        "id": ""
                                    },
                                    "default_value": "",
                                    "placeholder": "",
                                    "prepend": "",
                                    "append": "",
                                    "maxlength": "",
                                    "readonly": 0,
                                    "disabled": 0
                                }
                            ]
                        }
                    ],
                    "min": "",
                    "max": ""
                },
                {
                    "key": "5718f67d6de8e",
                    "name": "banner-module",
                    "label": "Banner Module",
                    "display": "block",
                    "sub_fields": [
                        {
                            "key": "field_5751ad4c0df82",
                            "label": "Section Heading",
                            "name": "heading",
                            "type": "text",
                            "instructions": "Add section heading, which appears fixed to the top left of the section. It should define the section and it's proceeding content\/sections.",
                            "required": 0,
                            "conditional_logic": 0,
                            "wrapper": {
                                "width": "",
                                "class": "",
                                "id": ""
                            },
                            "default_value": "",
                            "placeholder": "",
                            "prepend": "",
                            "append": "",
                            "maxlength": "",
                            "readonly": 0,
                            "disabled": 0
                        },
                        {
                            "key": "field_5751ad4c0df8f",
                            "label": "Banner Subtitle",
                            "name": "subtitle",
                            "type": "text",
                            "instructions": "",
                            "required": 0,
                            "conditional_logic": 0,
                            "wrapper": {
                                "width": "",
                                "class": "",
                                "id": ""
                            },
                            "default_value": "",
                            "placeholder": "",
                            "prepend": "",
                            "append": "",
                            "maxlength": "",
                            "readonly": 0,
                            "disabled": 0
                        },
                        {
                            "key": "field_5751ad4c0df9c",
                            "label": "Banner Title",
                            "name": "title",
                            "type": "text",
                            "instructions": "",
                            "required": 0,
                            "conditional_logic": 0,
                            "wrapper": {
                                "width": "",
                                "class": "",
                                "id": ""
                            },
                            "default_value": "",
                            "placeholder": "",
                            "prepend": "",
                            "append": "",
                            "maxlength": "",
                            "readonly": 0,
                            "disabled": 0
                        },
                        {
                            "key": "field_5751ad4c0dfa9",
                            "label": "Banner Content",
                            "name": "content",
                            "type": "textarea",
                            "instructions": "Add a short paragraph.",
                            "required": 0,
                            "conditional_logic": 0,
                            "wrapper": {
                                "width": "",
                                "class": "",
                                "id": ""
                            },
                            "default_value": "",
                            "placeholder": "",
                            "maxlength": "",
                            "rows": 4,
                            "new_lines": "wpautop",
                            "readonly": 0,
                            "disabled": 0
                        },
                        {
                            "key": "field_5751ad4c0dfb6",
                            "label": "Banner Background Image",
                            "name": "bg_image",
                            "type": "image",
                            "instructions": "Upload the banner's Background Image. Size to 2000 x 1250px",
                            "required": 0,
                            "conditional_logic": 0,
                            "wrapper": {
                                "width": "",
                                "class": "",
                                "id": ""
                            },
                            "return_format": "array",
                            "preview_size": "thumbnail",
                            "library": "all",
                            "min_width": "",
                            "min_height": "",
                            "min_size": "",
                            "max_width": "",
                            "max_height": "",
                            "max_size": "",
                            "mime_types": ""
                        },
                        {
                            "key": "field_5751ad4c0dfc3",
                            "label": "Color Theme",
                            "name": "color_theme",
                            "type": "select",
                            "instructions": "Select a light or dark color theme.",
                            "required": 1,
                            "conditional_logic": 0,
                            "wrapper": {
                                "width": "",
                                "class": "",
                                "id": ""
                            },
                            "choices": {
                                "section--dark": "Dark Theme",
                                "section--light": "Light Theme"
                            },
                            "default_value": [],
                            "allow_null": 0,
                            "multiple": 0,
                            "ui": 0,
                            "ajax": 0,
                            "placeholder": "",
                            "disabled": 0,
                            "readonly": 0
                        }
                    ],
                    "min": "",
                    "max": ""
                },
                {
                    "key": "57180b54ddf90",
                    "name": "image-module",
                    "label": "Image Module",
                    "display": "block",
                    "sub_fields": [
                        {
                            "key": "field_5751ad4c0dfd0",
                            "label": "Image Repeater",
                            "name": "image-repeater",
                            "type": "repeater",
                            "instructions": "1 image with extend 100% width\r\n2 images with will extend 50%, side by side.",
                            "required": 0,
                            "conditional_logic": 0,
                            "wrapper": {
                                "width": "",
                                "class": "",
                                "id": ""
                            },
                            "collapsed": "",
                            "min": 1,
                            "max": 4,
                            "layout": "table",
                            "button_label": "Add Image",
                            "sub_fields": [
                                {
                                    "key": "field_5751ad4c766a4",
                                    "label": "image",
                                    "name": "image",
                                    "type": "image",
                                    "instructions": "",
                                    "required": 0,
                                    "conditional_logic": 0,
                                    "wrapper": {
                                        "width": "",
                                        "class": "",
                                        "id": ""
                                    },
                                    "return_format": "array",
                                    "preview_size": "thumbnail",
                                    "library": "all",
                                    "min_width": "",
                                    "min_height": "",
                                    "min_size": "",
                                    "max_width": "",
                                    "max_height": "",
                                    "max_size": "",
                                    "mime_types": ""
                                }
                            ]
                        }
                    ],
                    "min": "",
                    "max": ""
                }
            ]
        }
    ],
    "location": [
        [
            {
                "param": "post_type",
                "operator": "==",
                "value": "work"
            }
        ]
    ],
    "menu_order": 0,
    "position": "normal",
    "style": "default",
    "label_placement": "top",
    "instruction_placement": "label",
    "hide_on_screen": [
        "the_content",
        "excerpt",
        "custom_fields",
        "discussion",
        "comments",
        "format",
        "page_attributes",
        "categories",
        "tags",
        "send-trackbacks"
    ],
    "active": 1,
    "description": "",
    "modified": 1464970571,
    "local": "json"
}