<?xml version="1.0" encoding="utf-8"?>
<!--
- phpMyAdmin XML Dump
- version 4.2.12deb2+deb8u2
- http://www.phpmyadmin.net
-
- Host: mariadb-116.wc2:3306
- Generation Time: Feb 13, 2019 at 05:47 PM
- Server version: 10.1.34-MariaDB-1~jessie
- PHP Version: 5.6.33-0+deb8u1
-->

<pma_xml_export version="1.0" xmlns:pma="http://www.phpmyadmin.net/some_doc_url/">


    <!--
    - Database: '542409_km'
    -->
    <database name="542409_km">
      <table name="featured_stories">
          <column name="id">58</column>
          <column name="title">Law firms ink leases in downtown San Francisco</column>
          <column name="date">2010-08-13</column>
          <column name="author"></column>
          <column name="source">San Francisco Business Times</column>
          <column name="blurb">Law firms have been signing leases in San Francisco.</column>
          <column name="body">Law firms have been signing leases in San Francisco.

  The newly formed Jackson Jenkins Renstrom just grabbed 21,000 square feet comprising a full-floor lease at 55 Francisco St.

  The firm is an offshoot of Jackson &amp; Wallace, a firm that dissolved after the partners decided to end operations. Most of the firm then decided to join Beaumont, Texas-based firm Jenkins &amp; Martin and do business as Jackson Jenkins Renstrom, which now has offices in San Francisco, Los Angeles, Seattle and Beaumont.

  The San Francisco office of chiff Hardin recently renewed its lease for 40,000 square feet at One Market.

  Both firms were represented by Dan Cronan, head of GVA Kidder Matthews office in San Francisco, who specializes in representing tenants.</column>
          <column name="hidden_body">NULL</column>
          <column name="hidden">0</column>
      </table>
      <table name="featured_stories">
          <column name="id">59</column>
          <column name="title">Deal-Wrap</column>
          <column name="date">2010-08-13</column>
          <column name="author"></column>
          <column name="source">GlobeSt.com</column>
          <column name="blurb">Johnson Creek Shopping Center, located in the Portland east side suburb of Clackamas just off of I-205, sold for $21.5 million.</column>
          <column name="body">Johnson Creek Shopping Center, located in the Portland east side suburb of Clackamas just off of I-205, sold for $21.5 million, which is $193 per square foot. GVA Kidder Mathews' commercial real estate investment brokers Bill Burton and Craig Spinks represented both the buyer, Phillips Edison, and the seller, Hawkins Cos., in the all-cash transaction, which was the first non-portfolio deal of its magnitude in Greater Portland since 2008, according to a prepared statement. The Johnson Creek Shopping Center is anchored by Trader Joe's, Walgreens, Bank of America, and Wholesale Sports. The center's anchor tenancy and prime location make it an attractive institutional-grade investment. &quot;Things are finally loosening up in the multi-tenant retail sector of the commercial real estate market. Where willing and motivated sellers can be found, there are public and private funds ready to make deals,&quot; says Bill Burton, vice president at GVA Kidder Mathews. &quot;Would-be sellers of multi-tenant retail shopping centers appear to have been trying to wait out the market downturn before selling. However, the lack of quality institutional product on the commercial market has caused an inverse reaction in that prices have remained steady at reasonable market levels and created an overwhelming demand for the product due to a lack of supply.&quot;</column>
          <column name="hidden_body">NULL</column>
          <column name="hidden">0</column>
      </table>
    </database>
</pma_xml_export>
